timestamp,day_of_week,hour,minute,current_queue,arrival_rate,processing_time,processing_capacity,queue_pressure,staff_count,complexity,system_delay,staff_shortage,demand_spike,next_queue,queue_30min
2026-01-01 09:00:00,3,9,0,11,28.35,10.75,16.75,1.69,3,0.68,0.0,0,0,16,23
2026-01-01 09:15:00,3,9,15,16,28.55,13.8,13.04,2.19,3,0.41,4.92,0,0,19,25
2026-01-01 09:30:00,3,9,30,19,25.57,14.96,12.03,2.13,3,0.59,4.83,0,0,23,24
2026-01-01 09:45:00,3,9,45,23,26.7,9.64,18.68,1.43,3,0.52,0.0,0,0,25,31
2026-01-01 10:00:00,3,10,0,25,25.82,6.96,25.86,1.0,3,0.14,0.0,0,0,24,31
2026-01-01 10:15:00,3,10,15,24,37.02,11.58,10.36,3.57,2,0.8,0.0,1,0,31,32
2026-01-01 10:30:00,3,10,30,31,25.31,7.25,24.83,1.02,3,0.18,0.0,0,0,31,31
2026-01-01 10:45:00,3,10,45,31,27.31,7.59,23.7,1.15,3,0.23,0.0,0,0,32,31
2026-01-01 11:00:00,3,11,0,32,15.2,9.81,18.35,0.83,3,0.54,0.0,0,0,31,30
2026-01-01 11:15:00,3,11,15,31,15.65,10.93,16.47,0.95,3,0.7,0.0,0,0,31,30
2026-01-01 11:30:00,3,11,30,31,13.6,11.42,15.76,0.86,3,0.77,0.0,0,0,30,26
2026-01-01 11:45:00,3,11,45,30,20.17,10.01,17.99,1.12,3,0.57,0.0,0,0,30,28
2026-01-01 12:00:00,3,12,0,30,15.28,7.43,24.23,0.63,3,0.2,0.0,0,0,26,26
2026-01-01 12:15:00,3,12,15,26,21.26,9.96,18.08,1.18,3,0.57,0.0,0,0,28,26
2026-01-01 12:30:00,3,12,30,28,10.5,11.13,16.17,0.65,3,0.73,0.0,0,0,26,24
2026-01-01 12:45:00,3,12,45,26,17.86,9.46,19.03,0.94,3,0.49,0.0,0,0,26,23
2026-01-01 13:00:00,3,13,0,26,14.15,8.11,22.19,0.64,3,0.3,0.0,0,0,24,21
2026-01-01 13:15:00,3,13,15,24,15.51,8.12,22.16,0.7,3,0.3,0.0,0,0,23,19
2026-01-01 13:30:00,3,13,30,23,12.19,10.0,18.0,0.68,3,0.57,0.0,0,0,21,17
2026-01-01 13:45:00,3,13,45,21,14.56,11.55,15.58,0.93,3,0.79,0.0,0,0,19,16
2026-01-01 14:00:00,3,14,0,19,17.99,7.27,24.77,0.73,3,0.18,0.0,0,0,17,18
2026-01-01 14:15:00,3,14,15,17,14.04,9.59,18.78,0.75,3,0.51,0.0,0,0,16,17
2026-01-01 14:30:00,3,14,30,16,20.55,12.23,14.72,1.4,3,0.18,4.98,0,0,18,17
2026-01-01 14:45:00,3,14,45,18,18.98,8.72,13.76,1.38,2,0.39,0.0,1,0,17,16
2026-01-01 15:00:00,3,15,0,17,16.17,9.12,13.16,1.23,2,0.45,0.0,1,0,17,13
2026-01-01 15:15:00,3,15,15,17,14.56,11.32,15.9,0.92,3,0.76,0.0,0,0,16,12
2026-01-01 15:30:00,3,15,30,16,16.0,7.08,25.44,0.63,3,0.15,0.0,0,0,13,9
2026-01-01 15:45:00,3,15,45,13,16.33,8.46,21.27,0.77,3,0.35,0.0,0,0,12,6
2026-01-01 16:00:00,3,16,0,12,12.76,9.06,19.86,0.64,3,0.44,0.0,0,0,9,5
2026-01-01 16:15:00,3,16,15,9,17.63,7.31,24.62,0.72,3,0.19,0.0,0,0,6,8
2026-01-01 16:30:00,3,16,30,6,13.68,8.99,20.03,0.68,3,0.43,0.0,0,0,5,10
2026-01-01 16:45:00,3,16,45,5,25.01,8.01,22.47,1.11,3,0.29,0.0,0,1,8,9
2026-01-01 17:00:00,3,17,0,8,31.45,7.77,23.16,1.36,3,0.25,0.0,0,1,10,10
2026-01-01 17:15:00,3,17,15,10,13.03,9.34,19.27,0.68,3,0.48,0.0,0,0,9,7
2026-01-01 17:30:00,3,17,30,9,17.52,10.56,17.04,1.03,3,0.65,0.0,0,0,10,18
2026-01-01 17:45:00,3,17,45,10,10.57,10.04,17.93,0.59,3,0.58,0.0,0,0,7,22
2026-01-02 09:00:00,4,9,0,14,29.63,8.45,14.2,2.09,2,0.35,0.0,1,0,18,26
2026-01-02 09:15:00,4,9,15,18,33.15,7.78,23.15,1.43,3,0.25,0.0,0,0,22,28
2026-01-02 09:30:00,4,9,30,22,33.54,8.86,20.31,1.65,3,0.41,0.0,0,0,26,32
2026-01-02 09:45:00,4,9,45,26,28.37,7.96,22.61,1.25,3,0.28,0.0,0,0,28,35
2026-01-02 10:00:00,4,10,0,28,36.37,9.34,19.28,1.89,3,0.48,0.0,0,0,32,37
2026-01-02 10:15:00,4,10,15,32,32.22,9.21,19.55,1.65,3,0.46,0.0,0,0,35,36
2026-01-02 10:30:00,4,10,30,35,33.87,7.46,24.14,1.4,3,0.21,0.0,0,0,37,36
2026-01-02 10:45:00,4,10,45,37,30.83,6.27,28.73,1.07,3,0.04,0.0,0,0,36,34
2026-01-02 11:00:00,4,11,0,36,17.69,10.58,17.01,1.04,3,0.65,0.0,0,0,36,35
2026-01-02 11:15:00,4,11,15,36,15.31,8.62,20.89,0.73,3,0.37,0.0,0,0,34,33
2026-01-02 11:30:00,4,11,30,34,25.31,8.68,20.74,1.22,3,0.38,0.0,0,0,35,34
2026-01-02 11:45:00,4,11,45,35,18.73,7.84,22.97,0.82,3,0.26,0.0,0,0,33,35
2026-01-02 12:00:00,4,12,0,33,19.06,8.29,14.48,1.32,2,0.33,0.0,1,0,34,37
2026-01-02 12:15:00,4,12,15,34,17.3,9.05,19.89,0.87,3,0.44,0.0,0,0,35,37
2026-01-02 12:30:00,4,12,30,35,21.78,9.77,18.42,1.18,3,0.54,0.0,0,0,37,38
2026-01-02 12:45:00,4,12,45,37,19.07,10.92,16.48,1.16,3,0.7,0.0,0,0,37,38
2026-01-02 13:00:00,4,13,0,37,15.0,8.67,13.84,1.08,2,0.38,0.0,1,0,38,38
2026-01-02 13:15:00,4,13,15,38,13.31,10.68,16.86,0.79,3,0.67,0.0,0,0,38,40
2026-01-02 13:30:00,4,13,30,38,19.83,9.91,18.17,1.09,3,0.56,0.0,0,0,38,36
2026-01-02 13:45:00,4,13,45,38,20.72,7.94,15.12,1.37,2,0.28,0.0,1,0,40,37
2026-01-02 14:00:00,4,14,0,40,17.56,7.55,23.85,0.74,3,0.22,0.0,0,0,36,36
2026-01-02 14:15:00,4,14,15,36,22.68,7.5,24.01,0.94,3,0.21,0.0,0,0,37,39
2026-01-02 14:30:00,4,14,30,37,17.16,6.49,27.73,0.62,3,0.07,0.0,0,0,36,38
2026-01-02 14:45:00,4,14,45,36,19.12,8.22,14.59,1.31,2,0.32,0.0,1,0,39,39
2026-01-02 15:00:00,4,15,0,39,21.54,7.18,25.06,0.86,3,0.17,0.0,0,0,38,41
2026-01-02 15:15:00,4,15,15,38,22.2,7.99,22.52,0.99,3,0.28,0.0,0,0,39,43
2026-01-02 15:30:00,4,15,30,39,24.57,10.9,16.51,1.49,3,0.7,0.0,0,0,41,41
2026-01-02 15:45:00,4,15,45,41,28.72,6.79,26.51,1.08,3,0.11,0.0,0,0,43,41
2026-01-02 16:00:00,4,16,0,43,12.75,8.93,20.16,0.63,3,0.42,0.0,0,0,41,40
2026-01-02 16:15:00,4,16,15,41,19.39,8.89,20.26,0.96,3,0.41,0.0,0,0,41,41
2026-01-02 16:30:00,4,16,30,41,20.73,8.01,22.46,0.92,3,0.29,0.0,0,0,40,38
2026-01-02 16:45:00,4,16,45,40,19.29,10.9,16.52,1.17,3,0.7,0.0,0,0,41,39
2026-01-02 17:00:00,4,17,0,41,15.25,7.31,24.62,0.62,3,0.19,0.0,0,0,38,39
2026-01-02 17:15:00,4,17,15,38,19.05,9.06,13.25,1.44,2,0.44,0.0,1,0,39,40
2026-01-02 17:30:00,4,17,30,39,18.6,10.04,17.93,1.04,3,0.58,0.0,0,0,39,10
2026-01-02 17:45:00,4,17,45,39,22.13,9.13,19.71,1.12,3,0.45,0.0,0,0,40,13
2026-01-05 09:00:00,0,9,0,5,36.28,9.44,19.06,1.9,3,0.49,0.0,0,0,10,18
2026-01-05 09:15:00,0,9,15,10,38.02,7.44,24.19,1.57,3,0.21,0.0,0,0,13,22
2026-01-05 09:30:00,0,9,30,13,41.53,8.25,21.83,1.9,3,0.32,0.0,0,0,18,27
2026-01-05 09:45:00,0,9,45,18,35.67,8.28,21.75,1.64,3,0.33,0.0,0,0,22,33
2026-01-05 10:00:00,0,10,0,22,33.82,10.29,17.5,1.93,3,0.61,0.0,0,0,27,37
2026-01-05 10:15:00,0,10,15,27,44.34,7.5,24.01,1.85,3,0.21,0.0,0,0,33,44
2026-01-05 10:30:00,0,10,30,33,32.98,11.61,15.5,2.13,3,0.8,0.0,0,0,37,45
2026-01-05 10:45:00,0,10,45,37,37.17,10.62,11.3,3.29,2,0.66,0.0,1,0,44,47
2026-01-05 11:00:00,0,11,0,44,27.56,8.22,21.89,1.26,3,0.32,0.0,0,0,45,51
2026-01-05 11:15:00,0,11,15,45,21.04,9.84,12.2,1.73,2,0.55,0.0,1,0,47,51
2026-01-05 11:30:00,0,11,30,47,21.68,11.15,16.15,1.34,3,0.74,0.0,0,0,51,54
2026-01-05 11:45:00,0,11,45,51,21.68,12.6,14.29,1.52,3,0.94,0.0,0,0,51,53
2026-01-05 12:00:00,0,12,0,51,34.89,6.58,27.35,1.28,3,0.08,0.0,0,1,54,57
2026-01-05 12:15:00,0,12,15,54,21.61,7.63,23.59,0.92,3,0.23,0.0,0,0,53,59
2026-01-05 12:30:00,0,12,30,53,25.76,11.48,10.45,2.46,2,0.78,0.0,1,0,57,59
2026-01-05 12:45:00,0,12,45,57,21.25,10.0,18.0,1.18,3,0.57,0.0,0,0,59,59
2026-01-05 13:00:00,0,13,0,59,14.76,12.25,14.69,1.0,3,0.89,0.0,0,0,59,57
2026-01-05 13:15:00,0,13,15,59,22.31,8.69,20.72,1.08,3,0.38,0.0,0,0,59,57
2026-01-05 13:30:00,0,13,30,59,17.75,7.04,25.56,0.69,3,0.15,0.0,0,0,57,61
2026-01-05 13:45:00,0,13,45,57,13.89,9.43,19.09,0.73,3,0.49,0.0,0,0,57,60
2026-01-05 14:00:00,0,14,0,57,41.37,7.11,25.31,1.63,3,0.16,0.0,0,1,61,66
2026-01-05 14:15:00,0,14,15,61,25.6,6.7,26.86,0.95,3,0.1,0.0,0,0,60,67
2026-01-05 14:30:00,0,14,30,60,32.9,11.9,15.12,2.18,3,0.44,2.79,0,0,66,68
2026-01-05 14:45:00,0,14,45,66,24.71,10.79,16.68,1.48,3,0.68,0.0,0,0,67,70
2026-01-05 15:00:00,0,15,0,67,23.8,8.78,20.49,1.16,3,0.4,0.0,0,0,68,71
2026-01-05 15:15:00,0,15,15,68,26.86,10.55,17.06,1.57,3,0.65,0.0,0,0,70,72
2026-01-05 15:30:00,0,15,30,70,26.9,7.91,22.75,1.18,3,0.27,0.0,0,0,71,72
2026-01-05 15:45:00,0,15,45,71,28.39,7.8,23.07,1.23,3,0.26,0.0,0,0,72,74
2026-01-05 16:00:00,0,16,0,72,21.67,8.32,21.63,1.0,3,0.33,0.0,0,0,72,74
2026-01-05 16:15:00,0,16,15,72,23.6,8.96,20.08,1.18,3,0.42,0.0,0,0,74,80
2026-01-05 16:30:00,0,16,30,74,19.45,9.4,19.14,1.02,3,0.49,0.0,0,0,74,77
2026-01-05 16:45:00,0,16,45,74,38.26,11.19,10.73,3.57,2,0.74,0.0,1,1,80,79
2026-01-05 17:00:00,0,17,0,80,15.2,6.74,26.72,0.57,3,0.11,0.0,0,0,77,77
2026-01-05 17:15:00,0,17,15,77,21.5,11.18,16.1,1.34,3,0.74,0.0,0,0,79,76
2026-01-05 17:30:00,0,17,30,79,19.51,7.42,24.25,0.8,3,0.2,0.0,0,0,77,17
2026-01-05 17:45:00,0,17,45,77,21.61,7.39,24.36,0.89,3,0.2,0.0,0,0,76,21
2026-01-06 09:00:00,1,9,0,13,31.52,9.55,12.56,2.51,2,0.51,0.0,1,0,17,23
2026-01-06 09:15:00,1,9,15,17,32.72,8.23,21.86,1.5,3,0.32,0.0,0,0,21,28
2026-01-06 09:30:00,1,9,30,21,28.09,9.42,19.1,1.47,3,0.49,0.0,0,0,23,32
2026-01-06 09:45:00,1,9,45,23,33.12,12.83,14.03,2.36,3,0.45,3.67,0,0,28,33
2026-01-06 10:00:00,1,10,0,28,31.96,9.91,18.16,1.76,3,0.09,3.3,0,0,32,37
2026-01-06 10:15:00,1,10,15,32,31.67,7.41,24.28,1.3,3,0.2,0.0,0,0,33,39
2026-01-06 10:30:00,1,10,30,33,27.91,9.29,19.37,1.44,3,0.47,0.0,0,0,37,43
2026-01-06 10:45:00,1,10,45,37,28.65,10.13,17.76,1.61,3,0.59,0.0,0,0,39,41
2026-01-06 11:00:00,1,11,0,39,33.68,10.55,17.05,1.98,3,0.65,0.0,0,1,43,42
2026-01-06 11:15:00,1,11,15,43,12.46,7.31,24.64,0.51,3,0.19,0.0,0,0,41,45
2026-01-06 11:30:00,1,11,30,41,25.55,11.19,16.08,1.59,3,0.11,4.39,0,0,42,43
2026-01-06 11:45:00,1,11,45,42,22.91,11.82,15.23,1.5,3,0.83,0.0,0,0,45,43
2026-01-06 12:00:00,1,12,0,45,18.89,7.26,24.78,0.76,3,0.18,0.0,0,0,43,44
2026-01-06 12:15:00,1,12,15,43,18.77,9.64,18.68,1.01,3,0.52,0.0,0,0,43,45
2026-01-06 12:30:00,1,12,30,43,21.07,9.33,19.29,1.09,3,0.48,0.0,0,0,44,45
2026-01-06 12:45:00,1,12,45,44,19.06,8.65,20.81,0.92,3,0.38,0.0,0,0,45,41
2026-01-06 13:00:00,1,13,0,45,12.44,9.71,18.53,0.67,3,0.53,0.0,0,0,45,40
2026-01-06 13:15:00,1,13,15,45,10.26,7.41,24.29,0.42,3,0.2,0.0,0,0,41,36
2026-01-06 13:30:00,1,13,30,41,10.94,6.49,18.48,0.59,2,0.07,0.0,1,0,40,36
2026-01-06 13:45:00,1,13,45,40,13.52,6.51,27.63,0.49,3,0.07,0.0,0,0,36,35
2026-01-06 14:00:00,1,14,0,36,21.39,7.64,23.56,0.91,3,0.23,0.0,0,0,36,34
2026-01-06 14:15:00,1,14,15,36,17.75,7.29,24.69,0.72,3,0.18,0.0,0,0,35,31
2026-01-06 14:30:00,1,14,30,35,15.98,10.42,17.28,0.92,3,0.63,0.0,0,0,34,32
2026-01-06 14:45:00,1,14,45,34,17.57,7.66,23.51,0.75,3,0.24,0.0,0,0,31,29
2026-01-06 15:00:00,1,15,0,31,21.22,10.25,17.56,1.21,3,0.61,0.0,0,0,32,27
2026-01-06 15:15:00,1,15,15,32,17.1,6.77,26.58,0.64,3,0.11,0.0,0,0,29,28
2026-01-06 15:30:00,1,15,30,29,13.46,6.41,28.08,0.48,3,0.06,0.0,0,0,27,26
2026-01-06 15:45:00,1,15,45,27,24.92,8.74,20.59,1.21,3,0.39,0.0,0,0,28,24
2026-01-06 16:00:00,1,16,0,28,11.32,9.73,18.49,0.61,3,0.11,2.97,0,0,26,21
2026-01-06 16:15:00,1,16,15,26,8.98,11.73,15.34,0.59,3,0.82,0.0,0,0,24,21
2026-01-06 16:30:00,1,16,30,24,12.72,7.42,24.27,0.52,3,0.2,0.0,0,0,21,19
2026-01-06 16:45:00,1,16,45,21,13.92,10.09,17.83,0.78,3,0.58,0.0,0,0,21,17
2026-01-06 17:00:00,1,17,0,21,14.42,8.39,21.44,0.67,3,0.34,0.0,0,0,19,13
2026-01-06 17:15:00,1,17,15,19,14.62,8.21,21.92,0.67,3,0.32,0.0,0,0,17,14
2026-01-06 17:30:00,1,17,30,17,16.26,7.55,23.85,0.68,3,0.22,0.0,0,0,13,13
2026-01-06 17:45:00,1,17,45,13,17.21,13.73,13.11,1.31,3,0.57,3.76,0,0,14,19
2026-01-07 09:00:00,2,9,0,9,34.86,7.82,23.02,1.51,3,0.26,0.0,0,0,13,21
2026-01-07 09:15:00,2,9,15,13,37.32,9.71,12.36,3.02,2,0.53,0.0,1,0,19,25
2026-01-07 09:30:00,2,9,30,19,31.18,7.97,22.6,1.38,3,0.28,0.0,0,0,21,29
2026-01-07 09:45:00,2,9,45,21,34.18,11.53,15.61,2.19,3,0.79,0.0,0,0,25,33
2026-01-07 10:00:00,2,10,0,25,31.65,10.47,17.2,1.84,3,0.64,0.0,0,0,29,35
2026-01-07 10:15:00,2,10,15,29,34.09,9.33,19.3,1.77,3,0.48,0.0,0,0,33,37
2026-01-07 10:30:00,2,10,30,33,26.11,10.36,17.38,1.5,3,0.62,0.0,0,0,35,36
2026-01-07 10:45:00,2,10,45,35,33.74,7.61,23.66,1.43,3,0.23,0.0,0,0,37,36
2026-01-07 11:00:00,2,11,0,37,19.36,8.64,20.84,0.93,3,0.38,0.0,0,0,36,38
2026-01-07 11:15:00,2,11,15,36,22.92,11.08,16.25,1.41,3,0.73,0.0,0,0,36,36
2026-01-07 11:30:00,2,11,30,36,19.69,7.88,15.23,1.29,2,0.27,0.0,1,0,38,36
2026-01-07 11:45:00,2,11,45,38,13.33,8.33,21.61,0.62,3,0.33,0.0,0,0,36,34
2026-01-07 12:00:00,2,12,0,36,23.84,7.19,25.03,0.95,3,0.17,0.0,0,0,36,34
2026-01-07 12:15:00,2,12,15,36,13.76,9.6,18.76,0.73,3,0.51,0.0,0,0,34,33
2026-01-07 12:30:00,2,12,30,34,13.78,8.09,14.84,0.93,2,0.3,0.0,1,0,34,32
2026-01-07 12:45:00,2,12,45,34,17.54,8.64,20.83,0.84,3,0.38,0.0,0,0,33,30
2026-01-07 13:00:00,2,13,0,33,14.12,9.46,19.03,0.74,3,0.49,0.0,0,0,32,26
2026-01-07 13:15:00,2,13,15,32,11.7,10.11,17.8,0.66,3,0.59,0.0,0,0,30,25
2026-01-07 13:30:00,2,13,30,30,10.94,6.75,26.66,0.41,3,0.11,0.0,0,0,26,24
2026-01-07 13:45:00,2,13,45,26,14.45,9.72,18.52,0.78,3,0.53,0.0,0,0,25,24
2026-01-07 14:00:00,2,14,0,25,18.16,6.89,26.12,0.7,3,0.13,0.0,0,0,24,22
2026-01-07 14:15:00,2,14,15,24,21.66,8.28,21.75,1.0,3,0.33,0.0,0,0,24,23
2026-01-07 14:30:00,2,14,30,24,16.16,8.29,21.72,0.74,3,0.33,0.0,0,0,22,22
2026-01-07 14:45:00,2,14,45,22,19.5,12.09,14.89,1.31,3,0.87,0.0,0,0,23,25
2026-01-07 15:00:00,2,15,0,23,28.68,6.1,29.53,0.97,3,0.01,0.0,0,1,22,24
2026-01-07 15:15:00,2,15,15,22,17.95,11.7,15.38,1.17,3,0.81,0.0,0,0,25,25
2026-01-07 15:30:00,2,15,30,25,21.5,9.08,19.82,1.08,3,0.44,0.0,0,0,24,24
2026-01-07 15:45:00,2,15,45,24,15.99,16.35,11.01,1.45,3,0.81,4.71,0,0,25,25
2026-01-07 16:00:00,2,16,0,25,16.23,9.8,18.36,0.88,3,0.54,0.0,0,0,24,22
2026-01-07 16:15:00,2,16,15,24,13.31,14.08,12.79,1.04,3,0.46,4.87,0,0,25,21
2026-01-07 16:30:00,2,16,30,25,11.06,7.87,22.87,0.48,3,0.27,0.0,0,0,22,20
2026-01-07 16:45:00,2,16,45,22,16.99,9.09,19.81,0.86,3,0.44,0.0,0,0,21,19
2026-01-07 17:00:00,2,17,0,21,12.25,9.47,19.01,0.64,3,0.5,0.0,0,0,20,18
2026-01-07 17:15:00,2,17,15,20,15.61,9.4,19.16,0.82,3,0.49,0.0,0,0,19,15
2026-01-07 17:30:00,2,17,30,19,15.74,9.12,19.74,0.8,3,0.45,0.0,0,0,18,13
2026-01-07 17:45:00,2,17,45,18,13.5,7.99,22.53,0.6,3,0.28,0.0,0,0,15,14
2026-01-08 09:00:00,3,9,0,10,27.51,10.38,17.34,1.59,3,0.63,0.0,0,0,13,16
2026-01-08 09:15:00,3,9,15,13,28.73,7.03,25.61,1.12,3,0.15,0.0,0,0,14,17
2026-01-08 09:30:00,3,9,30,14,33.01,8.74,20.59,1.6,3,0.39,0.0,0,0,16,21
2026-01-08 09:45:00,3,9,45,16,30.74,7.58,23.75,1.29,3,0.23,0.0,0,0,17,23
2026-01-08 10:00:00,3,10,0,17,34.92,8.76,20.54,1.7,3,0.39,0.0,0,0,21,25
2026-01-08 10:15:00,3,10,15,21,33.67,7.34,24.54,1.37,3,0.19,0.0,0,0,23,29
2026-01-08 10:30:00,3,10,30,23,28.76,8.44,21.34,1.35,3,0.35,0.0,0,0,25,29
2026-01-08 10:45:00,3,10,45,25,30.33,11.44,15.74,1.93,3,0.78,0.0,0,0,29,29
2026-01-08 11:00:00,3,11,0,29,20.54,7.73,23.3,0.88,3,0.25,0.0,0,0,29,29
2026-01-08 11:15:00,3,11,15,29,20.65,8.03,22.4,0.92,3,0.29,0.0,0,0,29,27
2026-01-08 11:30:00,3,11,30,29,20.63,9.09,19.8,1.04,3,0.44,0.0,0,0,29,31
2026-01-08 11:45:00,3,11,45,29,14.1,6.62,27.18,0.52,3,0.09,0.0,0,0,27,30
2026-01-08 12:00:00,3,12,0,27,29.36,8.3,14.47,2.03,2,0.33,0.0,1,1,31,29
2026-01-08 12:15:00,3,12,15,31,20.66,8.94,20.13,1.03,3,0.42,0.0,0,0,30,27
2026-01-08 12:30:00,3,12,30,30,18.39,9.61,18.73,0.98,3,0.52,0.0,0,0,29,28
2026-01-08 12:45:00,3,12,45,29,14.81,7.88,22.84,0.65,3,0.27,0.0,0,0,27,25
2026-01-08 13:00:00,3,13,0,27,30.54,9.2,19.56,1.56,3,0.46,0.0,0,1,28,26
2026-01-08 13:15:00,3,13,15,28,9.53,8.14,22.12,0.43,3,0.31,0.0,0,0,25,24
2026-01-08 13:30:00,3,13,30,25,18.52,10.07,17.87,1.04,3,0.58,0.0,0,0,26,22
2026-01-08 13:45:00,3,13,45,26,11.63,9.09,19.81,0.59,3,0.44,0.0,0,0,24,24
2026-01-08 14:00:00,3,14,0,24,11.6,9.83,18.31,0.63,3,0.21,2.38,0,0,22,22
2026-01-08 14:15:00,3,14,15,22,22.75,10.21,17.63,1.29,3,0.6,0.0,0,0,24,23
2026-01-08 14:30:00,3,14,30,24,15.59,6.41,18.73,0.83,2,0.06,0.0,1,0,22,20
2026-01-08 14:45:00,3,14,45,22,15.57,11.08,16.24,0.96,3,0.73,0.0,0,0,23,21
2026-01-08 15:00:00,3,15,0,23,19.14,6.42,28.03,0.68,3,0.06,0.0,0,0,20,20
2026-01-08 15:15:00,3,15,15,20,21.01,8.77,20.52,1.02,3,0.4,0.0,0,0,21,19
2026-01-08 15:30:00,3,15,30,21,19.17,8.17,22.02,0.87,3,0.31,0.0,0,0,20,16
2026-01-08 15:45:00,3,15,45,20,18.86,7.9,22.78,0.83,3,0.27,0.0,0,0,19,16
2026-01-08 16:00:00,3,16,0,19,9.13,8.65,20.8,0.44,3,0.38,0.0,0,0,16,16
2026-01-08 16:15:00,3,16,15,16,10.57,10.08,11.9,0.89,2,0.58,0.0,1,0,16,15
2026-01-08 16:30:00,3,16,30,16,13.05,8.78,13.67,0.95,2,0.4,0.0,1,0,16,16
2026-01-08 16:45:00,3,16,45,16,16.6,8.83,20.39,0.81,3,0.4,0.0,0,0,15,15
2026-01-08 17:00:00,3,17,0,15,16.05,10.21,17.64,0.91,3,0.24,2.51,0,0,16,14
2026-01-08 17:15:00,3,17,15,16,12.28,9.83,12.21,1.01,2,0.08,3.26,1,0,15,18
2026-01-08 17:30:00,3,17,30,15,15.16,7.41,24.3,0.62,3,0.2,0.0,0,0,14,9
2026-01-08 17:45:00,3,17,45,14,31.38,12.14,14.82,2.12,3,0.88,0.0,0,1,18,14
2026-01-09 09:00:00,4,9,0,8,35.4,6.45,27.9,1.27,3,0.06,0.0,0,0,9,18
2026-01-09 09:15:00,4,9,15,9,35.71,12.82,14.04,2.54,3,0.44,3.75,0,0,14,22
2026-01-09 09:30:00,4,9,30,14,30.8,9.83,18.32,1.68,3,0.55,0.0,0,0,18,25
2026-01-09 09:45:00,4,9,45,18,33.57,11.83,15.22,2.21,3,0.83,0.0,0,0,22,32
2026-01-09 10:00:00,4,10,0,22,39.32,6.61,27.24,1.44,3,0.09,0.0,0,0,25,32
2026-01-09 10:15:00,4,10,15,25,39.51,7.38,16.25,2.43,2,0.2,0.0,1,0,32,36
2026-01-09 10:30:00,4,10,30,32,31.68,6.43,27.99,1.13,3,0.06,0.0,0,0,32,39
2026-01-09 10:45:00,4,10,45,32,28.49,9.84,12.19,2.34,2,0.55,0.0,1,0,36,39
2026-01-09 11:00:00,4,11,0,36,24.25,10.35,11.6,2.09,2,0.62,0.0,1,0,39,37
2026-01-09 11:15:00,4,11,15,39,20.04,7.68,23.42,0.86,3,0.24,0.0,0,0,39,36
2026-01-09 11:30:00,4,11,30,39,16.87,6.49,27.74,0.61,3,0.07,0.0,0,0,37,36
2026-01-09 11:45:00,4,11,45,37,19.55,8.73,20.61,0.95,3,0.39,0.0,0,0,36,36
2026-01-09 12:00:00,4,12,0,36,18.34,8.42,21.37,0.86,3,0.35,0.0,0,0,36,38
2026-01-09 12:15:00,4,12,15,36,17.73,10.09,17.85,0.99,3,0.58,0.0,0,0,36,37
2026-01-09 12:30:00,4,12,30,36,32.41,7.76,23.19,1.4,3,0.25,0.0,0,1,38,36
2026-01-09 12:45:00,4,12,45,38,15.12,8.66,20.79,0.73,3,0.38,0.0,0,0,37,34
2026-01-09 13:00:00,4,13,0,37,18.0,7.44,24.18,0.74,3,0.21,0.0,0,0,36,35
2026-01-09 13:15:00,4,13,15,36,9.49,9.06,19.86,0.48,3,0.44,0.0,0,0,34,33
2026-01-09 13:30:00,4,13,30,34,14.08,9.59,12.52,1.12,2,0.51,0.0,1,0,35,39
2026-01-09 13:45:00,4,13,45,35,18.33,8.33,21.6,0.85,3,0.33,0.0,0,0,33,37
2026-01-09 14:00:00,4,14,0,33,37.14,11.94,15.07,2.46,3,0.4,3.16,0,1,39,35
2026-01-09 14:15:00,4,14,15,39,15.59,7.67,23.46,0.66,3,0.24,0.0,0,0,37,36
2026-01-09 14:30:00,4,14,30,37,20.68,8.73,20.63,1.0,3,0.39,0.0,0,0,35,34
2026-01-09 14:45:00,4,14,45,35,20.34,10.95,16.44,1.24,3,0.71,0.0,0,0,36,37
2026-01-09 15:00:00,4,15,0,36,15.06,9.79,18.38,0.82,3,0.54,0.0,0,0,34,38
2026-01-09 15:15:00,4,15,15,34,21.88,14.58,12.35,1.77,3,0.74,3.43,0,0,37,39
2026-01-09 15:30:00,4,15,30,37,21.8,10.32,17.45,1.25,3,0.62,0.0,0,0,38,36
2026-01-09 15:45:00,4,15,45,38,22.13,8.41,21.41,1.03,3,0.34,0.0,0,0,39,35
2026-01-09 16:00:00,4,16,0,39,17.72,6.13,29.38,0.6,3,0.02,0.0,0,0,36,35
2026-01-09 16:15:00,4,16,15,36,18.67,7.83,23.0,0.81,3,0.26,0.0,0,0,35,35
2026-01-09 16:30:00,4,16,30,35,24.0,8.96,20.1,1.19,3,0.42,0.0,0,0,35,34
2026-01-09 16:45:00,4,16,45,35,14.09,12.63,14.25,0.99,3,0.23,4.99,0,0,35,32
2026-01-09 17:00:00,4,17,0,35,19.18,8.91,20.21,0.95,3,0.42,0.0,0,0,34,31
2026-01-09 17:15:00,4,17,15,34,14.7,9.14,19.7,0.75,3,0.45,0.0,0,0,32,28
2026-01-09 17:30:00,4,17,30,32,11.32,7.76,15.46,0.73,2,0.25,0.0,1,0,31,14
2026-01-09 17:45:00,4,17,45,31,14.01,7.18,25.08,0.56,3,0.17,0.0,0,0,28,16
2026-01-12 09:00:00,0,9,0,9,41.44,7.55,23.83,1.74,3,0.22,0.0,0,0,14,20
2026-01-12 09:15:00,0,9,15,14,29.43,11.64,15.46,1.9,3,0.81,0.0,0,0,16,26
2026-01-12 09:30:00,0,9,30,16,33.63,7.81,23.05,1.46,3,0.26,0.0,0,0,20,29
2026-01-12 09:45:00,0,9,45,20,39.12,9.61,18.73,2.09,3,0.52,0.0,0,0,26,32
2026-01-12 10:00:00,0,10,0,26,37.55,6.91,26.07,1.44,3,0.13,0.0,0,0,29,35
2026-01-12 10:15:00,0,10,15,29,34.75,8.42,21.38,1.63,3,0.35,0.0,0,0,32,40
2026-01-12 10:30:00,0,10,30,32,36.49,8.57,21.0,1.74,3,0.37,0.0,0,0,35,41
2026-01-12 10:45:00,0,10,45,35,29.72,9.83,12.21,2.43,2,0.55,0.0,1,0,40,48
2026-01-12 11:00:00,0,11,0,40,25.66,7.66,23.5,1.09,3,0.24,0.0,0,0,41,49
2026-01-12 11:15:00,0,11,15,41,43.69,8.35,14.37,3.04,2,0.34,0.0,1,1,48,51
2026-01-12 11:30:00,0,11,30,48,26.54,9.11,19.75,1.34,3,0.44,0.0,0,0,49,51
2026-01-12 11:45:00,0,11,45,49,22.42,12.39,14.53,1.54,3,0.46,3.19,0,0,51,51
2026-01-12 12:00:00,0,12,0,51,22.4,7.59,23.72,0.94,3,0.23,0.0,0,0,51,53
2026-01-12 12:15:00,0,12,15,51,19.34,8.61,20.92,0.92,3,0.37,0.0,0,0,51,57
2026-01-12 12:30:00,0,12,30,51,28.08,7.8,23.06,1.22,3,0.26,0.0,0,0,53,56
2026-01-12 12:45:00,0,12,45,53,25.89,10.1,17.82,1.45,3,0.59,0.0,0,0,57,54
2026-01-12 13:00:00,0,13,0,57,19.56,6.51,27.63,0.71,3,0.07,0.0,0,0,56,53
2026-01-12 13:15:00,0,13,15,56,15.59,6.98,25.78,0.6,3,0.14,0.0,0,0,54,54
2026-01-12 13:30:00,0,13,30,54,22.73,7.43,24.23,0.94,3,0.2,0.0,0,0,53,54
2026-01-12 13:45:00,0,13,45,53,18.7,8.71,20.68,0.9,3,0.39,0.0,0,0,54,52
2026-01-12 14:00:00,0,14,0,54,25.85,8.48,21.23,1.22,3,0.35,0.0,0,0,54,54
2026-01-12 14:15:00,0,14,15,54,17.87,9.14,19.7,0.91,3,0.45,0.0,0,0,52,56
2026-01-12 14:30:00,0,14,30,52,24.35,11.67,15.43,1.58,3,0.17,4.49,0,0,54,58
2026-01-12 14:45:00,0,14,45,54,22.49,10.54,17.07,1.32,3,0.65,0.0,0,0,56,61
2026-01-12 15:00:00,0,15,0,56,29.46,7.92,22.72,1.3,3,0.27,0.0,0,0,58,65
2026-01-12 15:15:00,0,15,15,58,29.1,9.54,18.87,1.54,3,0.51,0.0,0,0,61,67
2026-01-12 15:30:00,0,15,30,61,38.23,6.66,18.01,2.12,2,0.09,0.0,1,1,65,66
2026-01-12 15:45:00,0,15,45,65,19.89,10.51,17.12,1.16,3,0.64,0.0,0,0,67,63
2026-01-12 16:00:00,0,16,0,67,18.59,9.15,19.67,0.94,3,0.45,0.0,0,0,66,60
2026-01-12 16:15:00,0,16,15,66,15.53,7.9,22.8,0.68,3,0.27,0.0,0,0,63,61
2026-01-12 16:30:00,0,16,30,63,16.74,8.27,21.77,0.77,3,0.32,0.0,0,0,60,61
2026-01-12 16:45:00,0,16,45,60,20.67,9.04,19.92,1.04,3,0.43,0.0,0,0,61,61
2026-01-12 17:00:00,0,17,0,61,20.5,7.62,23.62,0.87,3,0.23,0.0,0,0,61,62
2026-01-12 17:15:00,0,17,15,61,23.98,9.13,19.71,1.22,3,0.45,0.0,0,0,61,63
2026-01-12 17:30:00,0,17,30,61,23.56,9.99,18.02,1.31,3,0.57,0.0,0,0,62,14
2026-01-12 17:45:00,0,17,45,62,23.12,8.03,14.94,1.55,2,0.29,0.0,1,0,63,17
2026-01-13 09:00:00,1,9,0,13,32.33,6.77,26.58,1.22,3,0.11,0.0,0,0,14,19
2026-01-13 09:15:00,1,9,15,14,27.46,10.78,16.69,1.64,3,0.68,0.0,0,0,17,25
2026-01-13 09:30:00,1,9,30,17,29.39,9.0,20.0,1.47,3,0.43,0.0,0,0,19,29
2026-01-13 09:45:00,1,9,45,19,45.69,10.87,16.55,2.76,3,0.7,0.0,0,1,25,30
2026-01-13 10:00:00,1,10,0,25,30.77,8.22,21.89,1.41,3,0.32,0.0,0,0,29,35
2026-01-13 10:15:00,1,10,15,29,29.46,6.45,27.91,1.06,3,0.06,0.0,0,0,30,35
2026-01-13 10:30:00,1,10,30,30,41.56,8.67,20.76,2.0,3,0.38,0.0,0,1,35,34
2026-01-13 10:45:00,1,10,45,35,28.9,6.68,26.96,1.07,3,0.1,0.0,0,0,35,34
2026-01-13 11:00:00,1,11,0,35,21.71,7.6,23.67,0.92,3,0.23,0.0,0,0,34,31
2026-01-13 11:15:00,1,11,15,34,20.01,9.53,18.88,1.06,3,0.5,0.0,0,0,34,33
2026-01-13 11:30:00,1,11,30,34,13.99,8.9,20.23,0.69,3,0.41,0.0,0,0,31,32
2026-01-13 11:45:00,1,11,45,31,20.4,10.62,11.3,1.81,2,0.66,0.0,1,0,33,33
2026-01-13 12:00:00,1,12,0,33,16.8,8.92,20.18,0.83,3,0.42,0.0,0,0,32,34
2026-01-13 12:15:00,1,12,15,32,20.57,8.75,13.72,1.5,2,0.39,0.0,1,0,33,34
2026-01-13 12:30:00,1,12,30,33,13.67,11.69,15.4,0.89,3,0.81,0.0,0,0,34,30
2026-01-13 12:45:00,1,12,45,34,20.27,9.71,18.55,1.09,3,0.53,0.0,0,0,34,27
2026-01-13 13:00:00,1,13,0,34,12.78,8.8,20.46,0.62,3,0.4,0.0,0,0,30,21
2026-01-13 13:15:00,1,13,15,30,9.08,6.25,28.81,0.32,3,0.04,0.0,0,0,27,19
2026-01-13 13:30:00,1,13,30,27,6.52,8.31,21.66,0.3,3,0.33,0.0,0,0,21,20
2026-01-13 13:45:00,1,13,45,21,7.87,7.59,15.82,0.5,2,0.23,0.0,1,0,19,21
2026-01-13 14:00:00,1,14,0,19,21.0,8.39,21.46,0.98,3,0.34,0.0,0,0,20,19
2026-01-13 14:15:00,1,14,15,20,22.5,8.32,14.43,1.56,2,0.33,0.0,1,0,21,19
2026-01-13 14:30:00,1,14,30,21,20.94,7.0,25.72,0.81,3,0.14,0.0,0,0,19,18
2026-01-13 14:45:00,1,14,45,19,20.57,8.57,20.99,0.98,3,0.37,0.0,0,0,19,15
2026-01-13 15:00:00,1,15,0,19,20.57,7.5,23.99,0.86,3,0.21,0.0,0,0,18,15
2026-01-13 15:15:00,1,15,15,18,13.77,7.26,24.78,0.56,3,0.18,0.0,0,0,15,14
2026-01-13 15:30:00,1,15,30,15,18.85,11.89,15.14,1.25,3,0.84,0.0,0,0,15,11
2026-01-13 15:45:00,1,15,45,15,15.7,8.9,20.22,0.78,3,0.41,0.0,0,0,14,8
2026-01-13 16:00:00,1,16,0,14,7.82,8.8,20.44,0.38,3,0.4,0.0,0,0,11,9
2026-01-13 16:15:00,1,16,15,11,11.99,8.11,22.2,0.54,3,0.3,0.0,0,0,8,8
2026-01-13 16:30:00,1,16,30,8,18.49,8.95,20.12,0.92,3,0.42,0.0,0,0,9,7
2026-01-13 16:45:00,1,16,45,9,12.92,8.81,20.44,0.63,3,0.4,0.0,0,0,8,6
2026-01-13 17:00:00,1,17,0,8,14.88,7.71,23.35,0.64,3,0.24,0.0,0,0,7,5
2026-01-13 17:15:00,1,17,15,7,16.18,6.98,25.8,0.63,3,0.14,0.0,0,0,6,3
2026-01-13 17:30:00,1,17,30,6,12.84,7.02,17.09,0.75,2,0.15,0.0,1,0,5,11
2026-01-13 17:45:00,1,17,45,5,11.31,9.35,19.25,0.59,3,0.48,0.0,0,0,3,15
2026-01-14 09:00:00,2,9,0,6,33.6,9.27,12.95,2.6,2,0.47,0.0,1,0,11,20
2026-01-14 09:15:00,2,9,15,11,35.29,12.2,14.76,2.39,3,0.26,4.41,0,0,15,21
2026-01-14 09:30:00,2,9,30,15,34.19,9.12,19.73,1.73,3,0.45,0.0,0,0,20,24
2026-01-14 09:45:00,2,9,45,20,28.67,7.78,23.14,1.24,3,0.25,0.0,0,0,21,26
2026-01-14 10:00:00,2,10,0,21,35.59,8.39,21.45,1.66,3,0.34,0.0,0,0,24,31
2026-01-14 10:15:00,2,10,15,24,28.89,8.12,22.18,1.3,3,0.3,0.0,0,0,26,35
2026-01-14 10:30:00,2,10,30,26,33.33,10.7,16.82,1.98,3,0.67,0.0,0,0,31,33
2026-01-14 10:45:00,2,10,45,31,31.79,9.16,19.64,1.62,3,0.45,0.0,0,0,35,34
2026-01-14 11:00:00,2,11,0,35,15.15,9.97,18.06,0.84,3,0.57,0.0,0,0,33,34
2026-01-14 11:15:00,2,11,15,33,17.01,10.11,11.87,1.43,2,0.59,0.0,1,0,34,33
2026-01-14 11:30:00,2,11,30,34,21.48,8.68,20.74,1.04,3,0.38,0.0,0,0,34,34
2026-01-14 11:45:00,2,11,45,34,21.25,6.56,27.42,0.77,3,0.08,0.0,0,0,33,33
2026-01-14 12:00:00,2,12,0,33,20.9,8.96,20.09,1.04,3,0.42,0.0,0,0,34,34
2026-01-14 12:15:00,2,12,15,34,19.5,7.09,25.37,0.77,3,0.16,0.0,0,0,33,36
2026-01-14 12:30:00,2,12,30,33,21.36,10.05,17.92,1.19,3,0.58,0.0,0,0,34,35
2026-01-14 12:45:00,2,12,45,34,23.89,10.3,17.47,1.37,3,0.61,0.0,0,0,36,36
2026-01-14 13:00:00,2,13,0,36,10.81,10.97,16.4,0.66,3,0.71,0.0,0,0,35,36
2026-01-14 13:15:00,2,13,15,35,13.24,10.42,17.27,0.77,3,0.63,0.0,0,0,36,34
2026-01-14 13:30:00,2,13,30,36,12.45,10.14,11.83,1.05,2,0.59,0.0,1,0,36,34
2026-01-14 13:45:00,2,13,45,36,8.61,9.64,18.67,0.46,3,0.52,0.0,0,0,34,32
2026-01-14 14:00:00,2,14,0,34,18.87,9.36,19.23,0.98,3,0.48,0.0,0,0,34,30
2026-01-14 14:15:00,2,14,15,34,17.38,8.36,21.54,0.81,3,0.34,0.0,0,0,32,29
2026-01-14 14:30:00,2,14,30,32,12.89,9.49,18.97,0.68,3,0.5,0.0,0,0,30,27
2026-01-14 14:45:00,2,14,45,30,16.63,9.34,19.27,0.86,3,0.48,0.0,0,0,29,26
2026-01-14 15:00:00,2,15,0,29,12.25,8.88,20.28,0.6,3,0.41,0.0,0,0,27,27
2026-01-14 15:15:00,2,15,15,27,17.71,8.09,22.24,0.8,3,0.3,0.0,0,0,26,25
2026-01-14 15:30:00,2,15,30,26,19.63,10.04,17.94,1.09,3,0.58,0.0,0,0,27,23
2026-01-14 15:45:00,2,15,45,27,17.16,8.21,21.92,0.78,3,0.32,0.0,0,0,25,25
2026-01-14 16:00:00,2,16,0,25,13.18,8.52,21.14,0.62,3,0.36,0.0,0,0,23,22
2026-01-14 16:15:00,2,16,15,23,19.71,11.67,15.42,1.28,3,0.81,0.0,0,0,25,21
2026-01-14 16:30:00,2,16,30,25,10.13,9.75,18.46,0.55,3,0.54,0.0,0,0,22,21
2026-01-14 16:45:00,2,16,45,22,10.69,9.57,18.8,0.57,3,0.51,0.0,0,0,21,19
2026-01-14 17:00:00,2,17,0,21,15.56,7.19,16.68,0.93,2,0.17,0.0,1,0,21,16
2026-01-14 17:15:00,2,17,15,21,15.6,10.27,17.53,0.89,3,0.61,0.0,0,0,19,15
2026-01-14 17:30:00,2,17,30,19,12.03,10.73,16.78,0.72,3,0.68,0.0,0,0,16,11
2026-01-14 17:45:00,2,17,45,16,12.42,10.89,16.53,0.75,3,0.7,0.0,0,0,15,13
2026-01-15 09:00:00,3,9,0,9,23.75,11.99,15.01,1.58,3,0.86,0.0,0,0,11,17
2026-01-15 09:15:00,3,9,15,11,27.56,8.42,21.37,1.29,3,0.35,0.0,0,0,13,18
2026-01-15 09:30:00,3,9,30,13,32.06,11.28,15.96,2.01,3,0.75,0.0,0,0,17,25
2026-01-15 09:45:00,3,9,45,17,27.89,7.13,25.23,1.11,3,0.16,0.0,0,0,18,29
2026-01-15 10:00:00,3,10,0,18,49.77,7.83,23.0,2.16,3,0.26,0.0,0,1,25,34
2026-01-15 10:15:00,3,10,15,25,32.63,8.56,21.03,1.55,3,0.37,0.0,0,0,29,35
2026-01-15 10:30:00,3,10,30,29,29.43,10.47,17.18,1.71,3,0.64,0.0,0,0,34,36
2026-01-15 10:45:00,3,10,45,34,28.88,8.89,20.25,1.43,3,0.41,0.0,0,0,35,34
2026-01-15 11:00:00,3,11,0,35,23.24,10.06,17.88,1.3,3,0.58,0.0,0,0,36,32
2026-01-15 11:15:00,3,11,15,36,16.52,9.95,18.09,0.91,3,0.56,0.0,0,0,34,34
2026-01-15 11:30:00,3,11,30,34,17.79,6.4,28.12,0.63,3,0.06,0.0,0,0,32,33
2026-01-15 11:45:00,3,11,45,32,21.75,9.98,12.03,1.81,2,0.57,0.0,1,0,34,33
2026-01-15 12:00:00,3,12,0,34,18.28,6.63,27.15,0.67,3,0.09,0.0,0,0,33,30
2026-01-15 12:15:00,3,12,15,33,18.77,7.19,16.7,1.12,2,0.17,0.0,1,0,33,27
2026-01-15 12:30:00,3,12,30,33,13.44,7.97,22.6,0.59,3,0.28,0.0,0,0,30,25
2026-01-15 12:45:00,3,12,45,30,14.14,7.79,23.1,0.61,3,0.26,0.0,0,0,27,22
2026-01-15 13:00:00,3,13,0,27,10.33,7.35,24.5,0.42,3,0.19,0.0,0,0,25,22
2026-01-15 13:15:00,3,13,15,25,12.57,9.28,19.39,0.65,3,0.47,0.0,0,0,22,19
2026-01-15 13:30:00,3,13,30,22,17.17,10.44,17.24,1.0,3,0.63,0.0,0,0,22,16
2026-01-15 13:45:00,3,13,45,22,14.14,6.34,28.38,0.5,3,0.05,0.0,0,0,19,16
2026-01-15 14:00:00,3,14,0,19,14.79,6.86,26.24,0.56,3,0.12,0.0,0,0,16,16
2026-01-15 14:15:00,3,14,15,16,17.72,7.88,22.85,0.78,3,0.27,0.0,0,0,16,16
2026-01-15 14:30:00,3,14,30,16,19.06,8.16,22.07,0.86,3,0.31,0.0,0,0,16,16
2026-01-15 14:45:00,3,14,45,16,15.8,10.94,16.46,0.96,3,0.71,0.0,0,0,16,14
2026-01-15 15:00:00,3,15,0,16,20.2,8.47,21.25,0.95,3,0.35,0.0,0,0,16,14
2026-01-15 15:15:00,3,15,15,16,17.72,8.06,22.32,0.79,3,0.29,0.0,0,0,14,12
2026-01-15 15:30:00,3,15,30,14,18.22,9.05,19.89,0.92,3,0.44,0.0,0,0,14,12
2026-01-15 15:45:00,3,15,45,14,19.35,6.67,26.97,0.72,3,0.1,0.0,0,0,12,15
2026-01-15 16:00:00,3,16,0,12,11.48,7.58,15.83,0.73,2,0.23,0.0,1,0,12,13
2026-01-15 16:15:00,3,16,15,12,31.31,8.85,20.33,1.54,3,0.41,0.0,0,1,15,11
2026-01-15 16:30:00,3,16,30,15,13.73,8.32,21.64,0.63,3,0.33,0.0,0,0,13,8
2026-01-15 16:45:00,3,16,45,13,13.27,9.75,18.47,0.72,3,0.54,0.0,0,0,11,5
2026-01-15 17:00:00,3,17,0,11,13.67,7.13,25.25,0.54,3,0.16,0.0,0,0,8,0
2026-01-15 17:15:00,3,17,15,8,16.02,6.12,29.4,0.54,3,0.02,0.0,0,0,5,0
2026-01-15 17:30:00,3,17,30,5,10.54,6.3,28.58,0.37,3,0.04,0.0,0,0,0,6
2026-01-15 17:45:00,3,17,45,0,13.06,11.17,16.12,0.81,3,0.74,0.0,0,0,0,13
2026-01-16 09:00:00,4,9,0,6,33.39,7.99,22.52,1.48,3,0.28,0.0,0,0,6,16
2026-01-16 09:15:00,4,9,15,6,39.8,9.24,19.48,2.04,3,0.46,0.0,0,0,13,21
2026-01-16 09:30:00,4,9,30,13,32.64,9.48,18.98,1.72,3,0.5,0.0,0,0,16,24
2026-01-16 09:45:00,4,9,45,16,30.4,9.43,12.73,2.39,2,0.49,0.0,1,0,21,27
2026-01-16 10:00:00,4,10,0,21,32.83,11.4,15.79,2.08,3,0.77,0.0,0,0,24,29
2026-01-16 10:15:00,4,10,15,24,34.03,6.35,28.36,1.2,3,0.05,0.0,0,0,27,33
2026-01-16 10:30:00,4,10,30,27,32.71,9.19,19.6,1.67,3,0.46,0.0,0,0,29,31
2026-01-16 10:45:00,4,10,45,29,33.96,8.82,20.4,1.67,3,0.4,0.0,0,0,33,30
2026-01-16 11:00:00,4,11,0,33,20.6,6.51,27.66,0.74,3,0.07,0.0,0,0,31,30
2026-01-16 11:15:00,4,11,15,31,19.87,8.03,22.43,0.89,3,0.29,0.0,0,0,30,30
2026-01-16 11:30:00,4,11,30,30,24.66,9.88,18.22,1.35,3,0.55,0.0,0,1,30,28
2026-01-16 11:45:00,4,11,45,30,21.53,8.03,22.41,0.96,3,0.29,0.0,0,0,30,24
2026-01-16 12:00:00,4,12,0,30,13.78,7.82,23.01,0.6,3,0.26,0.0,0,0,28,24
2026-01-16 12:15:00,4,12,15,28,14.98,8.09,22.25,0.67,3,0.3,0.0,0,0,24,22
2026-01-16 12:30:00,4,12,30,24,22.41,7.33,24.57,0.91,3,0.19,0.0,0,0,24,22
2026-01-16 12:45:00,4,12,45,24,15.15,7.37,24.41,0.62,3,0.2,0.0,0,0,22,21
2026-01-16 13:00:00,4,13,0,22,12.74,9.43,12.73,1.0,2,0.49,0.0,1,0,22,21
2026-01-16 13:15:00,4,13,15,22,17.27,9.63,18.69,0.92,3,0.52,0.0,0,0,21,18
2026-01-16 13:30:00,4,13,30,21,18.49,8.12,22.16,0.83,3,0.3,0.0,0,0,21,18
2026-01-16 13:45:00,4,13,45,21,16.05,8.47,21.25,0.76,3,0.35,0.0,0,0,18,18
2026-01-16 14:00:00,4,14,0,18,23.83,7.49,24.03,0.99,3,0.21,0.0,0,0,18,18
2026-01-16 14:15:00,4,14,15,18,24.18,9.02,19.94,1.21,3,0.43,0.0,0,0,18,20
2026-01-16 14:30:00,4,14,30,18,19.93,8.75,20.58,0.97,3,0.39,0.0,0,0,18,20
2026-01-16 14:45:00,4,14,45,18,21.23,9.5,12.63,1.68,2,0.5,0.0,1,0,20,18
2026-01-16 15:00:00,4,15,0,20,17.92,10.48,17.18,1.04,3,0.64,0.0,0,0,20,18
2026-01-16 15:15:00,4,15,15,20,23.8,7.51,23.98,0.99,3,0.22,0.0,0,0,18,20
2026-01-16 15:30:00,4,15,30,18,17.97,10.61,16.96,1.06,3,0.66,0.0,0,0,18,19
2026-01-16 15:45:00,4,15,45,18,25.22,9.74,12.32,2.05,2,0.53,0.0,1,0,20,17
2026-01-16 16:00:00,4,16,0,20,19.61,8.24,21.83,0.9,3,0.32,0.0,0,0,19,20
2026-01-16 16:15:00,4,16,15,19,12.91,8.7,20.69,0.62,3,0.39,0.0,0,0,17,21
2026-01-16 16:30:00,4,16,30,17,16.9,13.26,9.05,1.87,2,0.55,3.44,1,0,20,18
2026-01-16 16:45:00,4,16,45,20,18.69,10.22,11.74,1.59,2,0.6,0.0,1,0,21,15
2026-01-16 17:00:00,4,17,0,21,19.44,6.36,28.31,0.69,3,0.05,0.0,0,0,18,18
2026-01-16 17:15:00,4,17,15,18,16.96,9.22,19.51,0.87,3,0.46,0.0,0,0,15,19
2026-01-16 17:30:00,4,17,30,15,21.05,11.7,15.39,1.37,3,0.81,0.0,0,0,18,16
2026-01-16 17:45:00,4,17,45,18,20.35,9.09,19.8,1.03,3,0.44,0.0,0,0,19,20
2026-01-19 09:00:00,0,9,0,13,34.81,8.29,21.73,1.6,3,0.33,0.0,0,0,16,24
2026-01-19 09:15:00,0,9,15,16,40.4,7.34,24.52,1.65,3,0.19,0.0,0,0,20,28
2026-01-19 09:30:00,0,9,30,20,36.86,8.83,20.39,1.81,3,0.4,0.0,0,0,24,33
2026-01-19 09:45:00,0,9,45,24,38.79,6.98,25.79,1.5,3,0.14,0.0,0,0,28,36
2026-01-19 10:00:00,0,10,0,28,38.02,9.97,18.05,2.11,3,0.57,0.0,0,0,33,42
2026-01-19 10:15:00,0,10,15,33,34.1,9.23,19.51,1.75,3,0.46,0.0,0,0,36,48
2026-01-19 10:30:00,0,10,30,36,33.46,7.45,16.1,2.08,2,0.21,0.0,1,0,42,52
2026-01-19 10:45:00,0,10,45,42,37.99,9.73,18.51,2.05,3,0.53,0.0,0,0,48,52
2026-01-19 11:00:00,0,11,0,48,23.81,11.12,16.19,1.47,3,0.23,3.49,0,0,52,53
2026-01-19 11:15:00,0,11,15,52,25.19,8.33,21.6,1.17,3,0.33,0.0,0,0,52,55
2026-01-19 11:30:00,0,11,30,52,27.88,7.95,22.65,1.23,3,0.28,0.0,0,0,53,61
2026-01-19 11:45:00,0,11,45,53,25.43,10.63,16.94,1.5,3,0.66,0.0,0,0,55,65
2026-01-19 12:00:00,0,12,0,55,47.25,8.61,20.91,2.26,3,0.37,0.0,0,1,61,65
2026-01-19 12:15:00,0,12,15,61,28.21,9.55,18.84,1.5,3,0.51,0.0,0,0,65,68
2026-01-19 12:30:00,0,12,30,65,26.95,7.93,22.7,1.19,3,0.28,0.0,0,0,65,69
2026-01-19 12:45:00,0,12,45,65,31.15,8.0,22.51,1.38,3,0.29,0.0,0,0,68,68
2026-01-19 13:00:00,0,13,0,68,20.68,8.28,21.73,0.95,3,0.33,0.0,0,0,69,66
2026-01-19 13:15:00,0,13,15,69,22.58,9.74,18.47,1.22,3,0.53,0.0,0,0,68,65
2026-01-19 13:30:00,0,13,30,68,17.5,6.71,26.83,0.65,3,0.1,0.0,0,0,66,66
2026-01-19 13:45:00,0,13,45,66,17.98,10.99,16.38,1.1,3,0.71,0.0,0,0,65,66
2026-01-19 14:00:00,0,14,0,65,27.97,7.38,24.4,1.15,3,0.2,0.0,0,0,66,67
2026-01-19 14:15:00,0,14,15,66,25.45,7.47,24.09,1.06,3,0.21,0.0,0,0,66,69
2026-01-19 14:30:00,0,14,30,66,24.61,8.43,21.36,1.15,3,0.35,0.0,0,0,67,71
2026-01-19 14:45:00,0,14,45,67,28.09,9.18,19.6,1.43,3,0.45,0.0,0,0,69,74
2026-01-19 15:00:00,0,15,0,69,23.95,9.75,18.46,1.3,3,0.54,0.0,0,0,71,75
2026-01-19 15:15:00,0,15,15,71,28.83,9.15,19.68,1.46,3,0.45,0.0,0,0,74,76
2026-01-19 15:30:00,0,15,30,74,26.08,8.55,21.05,1.24,3,0.36,0.0,0,0,75,74
2026-01-19 15:45:00,0,15,45,75,22.25,7.03,17.07,1.3,2,0.15,0.0,1,0,76,76
2026-01-19 16:00:00,0,16,0,76,20.82,8.69,20.71,1.01,3,0.38,0.0,0,0,74,76
2026-01-19 16:15:00,0,16,15,74,20.46,10.5,17.14,1.19,3,0.64,0.0,0,0,76,77
2026-01-19 16:30:00,0,16,30,76,18.01,9.86,18.26,0.99,3,0.55,0.0,0,0,76,77
2026-01-19 16:45:00,0,16,45,76,23.38,10.28,17.52,1.33,3,0.61,0.0,0,0,77,77
2026-01-19 17:00:00,0,17,0,77,21.45,9.46,19.02,1.13,3,0.49,0.0,0,0,77,78
2026-01-19 17:15:00,0,17,15,77,19.24,9.22,19.52,0.99,3,0.46,0.0,0,0,77,79
2026-01-19 17:30:00,0,17,30,77,24.42,8.46,21.28,1.15,3,0.35,0.0,0,0,78,11
2026-01-19 17:45:00,0,17,45,78,21.68,11.65,15.46,1.4,3,0.35,3.21,0,0,79,11
2026-01-20 09:00:00,1,9,0,8,26.81,9.83,18.3,1.46,3,0.55,0.0,0,0,11,14
2026-01-20 09:15:00,1,9,15,11,23.77,9.83,18.3,1.3,3,0.55,0.0,0,0,11,15
2026-01-20 09:30:00,1,9,30,11,27.33,8.91,20.2,1.35,3,0.42,0.0,0,0,14,16
2026-01-20 09:45:00,1,9,45,14,30.77,7.28,24.72,1.24,3,0.18,0.0,0,0,15,20
2026-01-20 10:00:00,1,10,0,15,28.08,9.06,19.87,1.41,3,0.44,0.0,0,0,16,22
2026-01-20 10:15:00,1,10,15,16,30.1,6.32,19.0,1.58,2,0.05,0.0,1,0,20,23
2026-01-20 10:30:00,1,10,30,20,28.49,8.98,20.05,1.42,3,0.43,0.0,0,0,22,23
2026-01-20 10:45:00,1,10,45,22,28.8,7.91,22.76,1.27,3,0.27,0.0,0,0,23,23
2026-01-20 11:00:00,1,11,0,23,18.84,9.95,18.09,1.04,3,0.56,0.0,0,0,23,22
2026-01-20 11:15:00,1,11,15,23,21.71,9.48,19.0,1.14,3,0.5,0.0,0,0,23,23
2026-01-20 11:30:00,1,11,30,23,15.04,10.44,17.24,0.87,3,0.63,0.0,0,0,22,21
2026-01-20 11:45:00,1,11,45,22,21.89,8.31,21.67,1.01,3,0.33,0.0,0,0,23,23
2026-01-20 12:00:00,1,12,0,23,16.39,8.36,21.54,0.76,3,0.34,0.0,0,0,21,22
2026-01-20 12:15:00,1,12,15,21,18.96,9.11,19.77,0.96,3,0.44,0.0,0,0,23,22
2026-01-20 12:30:00,1,12,30,23,21.98,7.22,24.93,0.88,3,0.17,0.0,0,0,22,20
2026-01-20 12:45:00,1,12,45,22,18.91,8.62,20.88,0.91,3,0.37,0.0,0,0,22,20
2026-01-20 13:00:00,1,13,0,22,16.54,10.12,17.79,0.93,3,0.59,0.0,0,0,20,17
2026-01-20 13:15:00,1,13,15,20,16.18,9.93,18.13,0.89,3,0.56,0.0,0,0,20,13
2026-01-20 13:30:00,1,13,30,20,9.77,9.6,18.76,0.52,3,0.51,0.0,0,0,17,11
2026-01-20 13:45:00,1,13,45,17,7.5,9.6,18.76,0.4,3,0.51,0.0,0,0,13,13
2026-01-20 14:00:00,1,14,0,13,14.89,7.72,23.32,0.64,3,0.25,0.0,0,0,11,11
2026-01-20 14:15:00,1,14,15,11,20.66,11.72,15.35,1.35,3,0.82,0.0,0,0,13,11
2026-01-20 14:30:00,1,14,30,13,21.02,8.58,20.98,1.0,3,0.37,0.0,0,0,11,11
2026-01-20 14:45:00,1,14,45,11,19.61,10.67,16.87,1.16,3,0.67,0.0,0,0,11,10
2026-01-20 15:00:00,1,15,0,11,19.89,6.85,26.26,0.76,3,0.12,0.0,0,0,11,9
2026-01-20 15:15:00,1,15,15,11,16.18,7.35,24.49,0.66,3,0.19,0.0,0,0,10,7
2026-01-20 15:30:00,1,15,30,10,18.23,8.32,21.65,0.84,3,0.33,0.0,0,0,9,7
2026-01-20 15:45:00,1,15,45,9,18.73,6.56,27.45,0.68,3,0.08,0.0,0,0,7,6
2026-01-20 16:00:00,1,16,0,7,15.33,11.96,15.05,1.02,3,0.36,3.42,0,0,7,3
2026-01-20 16:15:00,1,16,15,7,14.09,9.32,19.32,0.73,3,0.47,0.0,0,0,6,2
2026-01-20 16:30:00,1,16,30,6,5.89,8.6,13.96,0.42,2,0.37,0.0,1,0,3,0
2026-01-20 16:45:00,1,16,45,3,17.53,8.97,20.06,0.87,3,0.42,0.0,0,0,2,0
2026-01-20 17:00:00,1,17,0,2,11.96,8.09,22.26,0.54,3,0.3,0.0,0,0,0,0
2026-01-20 17:15:00,1,17,15,0,10.81,11.14,16.15,0.67,3,0.73,0.0,0,0,0,0
2026-01-20 17:30:00,1,17,30,0,13.93,7.2,25.01,0.56,3,0.17,0.0,0,0,0,15
2026-01-20 17:45:00,1,17,45,0,11.18,8.85,20.35,0.55,3,0.41,0.0,0,0,0,19
2026-01-21 09:00:00,2,9,0,12,29.18,9.08,19.83,1.47,3,0.44,0.0,0,0,15,21
2026-01-21 09:15:00,2,9,15,15,32.63,9.16,19.66,1.66,3,0.45,0.0,0,0,19,29
2026-01-21 09:30:00,2,9,30,19,31.99,7.45,24.17,1.32,3,0.21,0.0,0,0,21,33
2026-01-21 09:45:00,2,9,45,21,44.64,11.93,15.09,2.96,3,0.4,3.15,0,1,29,34
2026-01-21 10:00:00,2,10,0,29,35.11,7.31,16.42,2.14,2,0.19,0.0,1,0,33,34
2026-01-21 10:15:00,2,10,15,33,26.25,10.39,17.33,1.52,3,0.63,0.0,0,0,34,36
2026-01-21 10:30:00,2,10,30,34,29.6,7.69,23.42,1.26,3,0.24,0.0,0,0,34,37
2026-01-21 10:45:00,2,10,45,34,26.14,11.0,16.37,1.6,3,0.71,0.0,0,0,36,36
2026-01-21 11:00:00,2,11,0,36,15.35,9.87,18.24,0.84,3,0.12,3.02,0,0,37,35
2026-01-21 11:15:00,2,11,15,37,19.91,6.75,26.68,0.75,3,0.11,0.0,0,0,36,36
2026-01-21 11:30:00,2,11,30,36,11.49,8.47,21.25,0.54,3,0.35,0.0,0,0,35,35
2026-01-21 11:45:00,2,11,45,35,20.37,10.32,17.43,1.17,3,0.62,0.0,0,0,36,33
2026-01-21 12:00:00,2,12,0,36,16.37,8.64,20.84,0.79,3,0.38,0.0,0,0,35,34
2026-01-21 12:15:00,2,12,15,35,17.41,7.84,22.95,0.76,3,0.26,0.0,0,0,33,34
2026-01-21 12:30:00,2,12,30,33,22.01,8.88,20.28,1.09,3,0.12,2.06,0,0,34,32
2026-01-21 12:45:00,2,12,45,34,17.79,10.69,16.84,1.06,3,0.67,0.0,0,0,34,30
2026-01-21 13:00:00,2,13,0,34,12.19,6.75,26.66,0.46,3,0.11,0.0,0,0,32,24
2026-01-21 13:15:00,2,13,15,32,14.92,9.19,19.59,0.76,3,0.46,0.0,0,0,30,24
2026-01-21 13:30:00,2,13,30,30,5.55,6.9,26.08,0.21,3,0.13,0.0,0,0,24,24
2026-01-21 13:45:00,2,13,45,24,16.61,9.03,19.93,0.83,3,0.43,0.0,0,0,24,23
2026-01-21 14:00:00,2,14,0,24,18.44,10.42,17.28,1.07,3,0.63,0.0,0,0,24,23
2026-01-21 14:15:00,2,14,15,24,17.56,8.93,20.15,0.87,3,0.42,0.0,0,0,23,23
2026-01-21 14:30:00,2,14,30,23,17.47,10.26,17.55,1.0,3,0.61,0.0,0,0,23,21
2026-01-21 14:45:00,2,14,45,23,16.99,10.41,17.29,0.98,3,0.63,0.0,0,0,23,18
2026-01-21 15:00:00,2,15,0,23,13.25,8.42,21.39,0.62,3,0.35,0.0,0,0,21,22
2026-01-21 15:15:00,2,15,15,21,15.09,7.5,24.0,0.63,3,0.21,0.0,0,0,18,24
2026-01-21 15:30:00,2,15,30,18,35.2,8.74,20.59,1.71,3,0.39,0.0,0,1,22,19
2026-01-21 15:45:00,2,15,45,22,22.78,7.64,15.71,1.45,2,0.23,0.0,1,0,24,16
2026-01-21 16:00:00,2,16,0,24,6.82,8.95,20.11,0.34,3,0.42,0.0,0,0,19,14
2026-01-21 16:15:00,2,16,15,19,11.76,8.49,21.2,0.55,3,0.36,0.0,0,0,16,12
2026-01-21 16:30:00,2,16,30,16,16.8,8.76,20.56,0.82,3,0.39,0.0,0,0,14,10
2026-01-21 16:45:00,2,16,45,14,7.68,11.04,10.87,0.71,2,0.72,0.0,1,0,12,11
2026-01-21 17:00:00,2,17,0,12,12.02,7.31,24.64,0.49,3,0.19,0.0,0,0,10,7
2026-01-21 17:15:00,2,17,15,10,21.5,9.32,19.32,1.11,3,0.08,2.78,0,0,11,7
2026-01-21 17:30:00,2,17,30,11,10.16,7.03,25.6,0.4,3,0.15,0.0,0,0,7,11
2026-01-21 17:45:00,2,17,45,7,14.46,12.34,14.59,0.99,3,0.91,0.0,0,0,7,11
2026-01-22 09:00:00,3,9,0,8,29.1,10.04,17.93,1.62,3,0.58,0.0,0,0,11,17
2026-01-22 09:15:00,3,9,15,11,29.03,9.45,19.05,1.52,3,0.49,0.0,0,0,11,20
2026-01-22 09:30:00,3,9,30,11,36.13,9.97,12.04,3.0,2,0.57,0.0,1,0,17,22
2026-01-22 09:45:00,3,9,45,17,28.15,9.57,18.81,1.5,3,0.51,0.0,0,0,20,28
2026-01-22 10:00:00,3,10,0,20,25.93,8.47,21.25,1.22,3,0.35,0.0,0,0,22,30
2026-01-22 10:15:00,3,10,15,22,33.96,10.16,11.82,2.87,2,0.59,0.0,1,0,28,32
2026-01-22 10:30:00,3,10,30,28,32.63,7.88,22.84,1.43,3,0.27,0.0,0,0,30,30
2026-01-22 10:45:00,3,10,45,30,30.13,8.38,21.47,1.4,3,0.34,0.0,0,0,32,29
2026-01-22 11:00:00,3,11,0,32,14.6,10.12,17.79,0.82,3,0.59,0.0,0,0,30,28
2026-01-22 11:15:00,3,11,15,30,17.77,9.34,19.27,0.92,3,0.48,0.0,0,0,29,27
2026-01-22 11:30:00,3,11,30,29,18.67,8.71,20.67,0.9,3,0.39,0.0,0,0,28,29
2026-01-22 11:45:00,3,11,45,28,17.04,6.94,25.94,0.66,3,0.13,0.0,0,0,27,29
2026-01-22 12:00:00,3,12,0,27,18.87,12.72,14.16,1.33,3,0.36,4.21,0,0,29,30
2026-01-22 12:15:00,3,12,15,29,21.49,9.24,19.48,1.1,3,0.46,0.0,0,0,29,28
2026-01-22 12:30:00,3,12,30,29,19.4,9.56,12.56,1.54,2,0.51,0.0,1,0,30,26
2026-01-22 12:45:00,3,12,45,30,20.27,6.59,27.33,0.74,3,0.08,0.0,0,0,28,23
2026-01-22 13:00:00,3,13,0,28,10.04,9.75,18.47,0.54,3,0.54,0.0,0,0,26,21
2026-01-22 13:15:00,3,13,15,26,9.13,8.37,21.51,0.42,3,0.34,0.0,0,0,23,21
2026-01-22 13:30:00,3,13,30,23,11.87,8.35,21.55,0.55,3,0.34,0.0,0,0,21,19
2026-01-22 13:45:00,3,13,45,21,12.8,9.58,18.8,0.68,3,0.51,0.0,0,0,21,22
2026-01-22 14:00:00,3,14,0,21,16.94,6.96,25.85,0.66,3,0.14,0.0,0,0,19,20
2026-01-22 14:15:00,3,14,15,19,24.23,12.34,14.58,1.66,3,0.43,3.37,0,0,22,19
2026-01-22 14:30:00,3,14,30,22,15.36,10.32,17.45,0.88,3,0.62,0.0,0,0,20,21
2026-01-22 14:45:00,3,14,45,20,12.2,10.79,16.67,0.73,3,0.68,0.0,0,0,19,25
2026-01-22 15:00:00,3,15,0,19,31.58,9.46,19.03,1.66,3,0.49,0.0,0,1,21,25
2026-01-22 15:15:00,3,15,15,21,38.18,7.51,23.98,1.59,3,0.22,0.0,0,1,25,23
2026-01-22 15:30:00,3,15,30,25,16.29,11.11,16.2,1.01,3,0.73,0.0,0,0,25,22
2026-01-22 15:45:00,3,15,45,25,15.45,8.85,20.34,0.76,3,0.41,0.0,0,0,23,22
2026-01-22 16:00:00,3,16,0,23,19.46,7.37,24.43,0.8,3,0.2,0.0,0,0,22,20
2026-01-22 16:15:00,3,16,15,22,13.97,11.06,16.27,0.86,3,0.72,0.0,0,0,22,18
2026-01-22 16:30:00,3,16,30,22,7.49,8.53,21.11,0.35,3,0.36,0.0,0,0,20,16
2026-01-22 16:45:00,3,16,45,20,9.57,11.15,16.14,0.59,3,0.08,4.62,0,0,18,16
2026-01-22 17:00:00,3,17,0,18,17.45,7.12,25.28,0.69,3,0.16,0.0,0,0,16,13
2026-01-22 17:15:00,3,17,15,16,13.07,12.64,14.24,0.92,3,0.95,0.0,0,0,16,11
2026-01-22 17:30:00,3,17,30,16,12.28,6.83,26.36,0.47,3,0.12,0.0,0,0,13,16
2026-01-22 17:45:00,3,17,45,13,16.51,10.43,17.26,0.96,3,0.63,0.0,0,0,11,22
2026-01-23 09:00:00,4,9,0,12,37.74,8.84,20.36,1.85,3,0.41,0.0,0,0,16,23
2026-01-23 09:15:00,4,9,15,16,32.69,9.89,12.13,2.69,2,0.56,0.0,1,0,22,28
2026-01-23 09:30:00,4,9,30,22,32.03,7.56,23.83,1.34,3,0.22,0.0,0,0,23,32
2026-01-23 09:45:00,4,9,45,23,34.4,12.9,13.95,2.47,3,0.53,3.22,0,0,28,35
2026-01-23 10:00:00,4,10,0,28,34.19,10.78,16.7,2.05,3,0.68,0.0,0,0,32,39
2026-01-23 10:15:00,4,10,15,32,32.18,8.75,20.57,1.56,3,0.39,0.0,0,0,35,39
2026-01-23 10:30:00,4,10,30,35,30.11,11.43,15.75,1.91,3,0.46,2.24,0,0,39,38
2026-01-23 10:45:00,4,10,45,39,29.57,7.69,23.39,1.26,3,0.24,0.0,0,0,39,37
2026-01-23 11:00:00,4,11,0,39,15.07,10.71,16.81,0.9,3,0.67,0.0,0,0,38,38
2026-01-23 11:15:00,4,11,15,38,21.37,7.37,24.43,0.87,3,0.2,0.0,0,0,37,37
2026-01-23 11:30:00,4,11,30,37,23.95,8.33,21.61,1.11,3,0.33,0.0,0,0,38,38
2026-01-23 11:45:00,4,11,45,38,16.29,9.1,19.78,0.82,3,0.44,0.0,0,0,37,37
2026-01-23 12:00:00,4,12,0,37,27.18,10.05,17.91,1.52,3,0.58,0.0,0,0,38,39
2026-01-23 12:15:00,4,12,15,38,20.7,7.64,23.57,0.88,3,0.23,0.0,0,0,37,40
2026-01-23 12:30:00,4,12,30,37,18.23,10.44,17.23,1.06,3,0.23,2.87,0,0,39,39
2026-01-23 12:45:00,4,12,45,39,24.46,11.4,15.79,1.55,3,0.77,0.0,0,0,40,38
2026-01-23 13:00:00,4,13,0,40,18.25,7.9,22.8,0.8,3,0.27,0.0,0,0,39,36
2026-01-23 13:15:00,4,13,15,39,15.62,9.27,19.42,0.8,3,0.47,0.0,0,0,38,32
2026-01-23 13:30:00,4,13,30,38,10.7,8.74,20.6,0.52,3,0.39,0.0,0,0,36,33
2026-01-23 13:45:00,4,13,45,36,12.5,7.28,24.72,0.51,3,0.18,0.0,0,0,32,33
2026-01-23 14:00:00,4,14,0,32,24.0,7.36,24.45,0.98,3,0.19,0.0,0,0,33,37
2026-01-23 14:15:00,4,14,15,33,20.16,11.18,16.1,1.25,3,0.74,0.0,0,0,33,36
2026-01-23 14:30:00,4,14,30,33,25.72,13.58,13.25,1.94,3,0.49,4.19,0,0,37,35
2026-01-23 14:45:00,4,14,45,37,20.22,7.38,24.38,0.83,3,0.2,0.0,0,0,36,34
2026-01-23 15:00:00,4,15,0,36,21.85,7.63,23.6,0.93,3,0.23,0.0,0,0,35,34
2026-01-23 15:15:00,4,15,15,35,14.84,10.93,16.47,0.9,3,0.25,3.21,0,0,34,32
2026-01-23 15:30:00,4,15,30,34,22.54,7.42,24.27,0.93,3,0.2,0.0,0,0,34,29
2026-01-23 15:45:00,4,15,45,34,20.96,7.1,25.35,0.83,3,0.16,0.0,0,0,32,32
2026-01-23 16:00:00,4,16,0,32,15.79,8.05,22.35,0.71,3,0.29,0.0,0,0,29,33
2026-01-23 16:15:00,4,16,15,29,31.6,8.79,20.47,1.54,3,0.4,0.0,0,1,32,34
2026-01-23 16:30:00,4,16,30,32,19.91,10.6,16.99,1.17,3,0.66,0.0,0,0,33,35
2026-01-23 16:45:00,4,16,45,33,19.03,13.18,13.66,1.39,3,0.41,4.34,0,0,34,31
2026-01-23 17:00:00,4,17,0,34,20.58,11.6,15.52,1.33,3,0.8,0.0,0,0,35,31
2026-01-23 17:15:00,4,17,15,35,13.98,7.35,24.49,0.57,3,0.19,0.0,0,0,31,30
2026-01-23 17:30:00,4,17,30,31,16.08,9.86,18.25,0.88,3,0.55,0.0,0,0,31,10
2026-01-23 17:45:00,4,17,45,31,20.08,6.96,25.88,0.78,3,0.14,0.0,0,0,30,13
2026-01-26 09:00:00,0,9,0,5,40.73,8.23,21.87,1.86,3,0.32,0.0,0,0,10,17
2026-01-26 09:15:00,0,9,15,10,35.17,7.4,24.32,1.45,3,0.2,0.0,0,0,13,22
2026-01-26 09:30:00,0,9,30,13,33.37,10.68,16.85,1.98,3,0.11,3.89,0,0,17,22
2026-01-26 09:45:00,0,9,45,17,37.01,11.83,15.21,2.43,3,0.83,0.0,0,0,22,23
2026-01-26 10:00:00,0,10,0,22,35.32,6.42,28.04,1.26,3,0.06,0.0,0,0,22,27
2026-01-26 10:15:00,0,10,15,22,30.88,6.68,26.96,1.15,3,0.1,0.0,0,0,23,33
2026-01-26 10:30:00,0,10,30,23,32.21,10.83,16.62,1.94,3,0.69,0.0,0,0,27,38
2026-01-26 10:45:00,0,10,45,27,49.87,7.58,23.75,2.1,3,0.23,0.0,0,1,33,40
2026-01-26 11:00:00,0,11,0,33,29.47,9.49,18.96,1.55,3,0.5,0.0,0,0,38,42
2026-01-26 11:15:00,0,11,15,38,27.1,10.36,17.37,1.56,3,0.62,0.0,0,0,40,44
2026-01-26 11:30:00,0,11,30,40,21.28,7.52,15.96,1.33,2,0.22,0.0,1,0,42,45
2026-01-26 11:45:00,0,11,45,42,22.25,9.35,19.25,1.16,3,0.48,0.0,0,0,44,51
2026-01-26 12:00:00,0,12,0,44,22.22,8.41,21.4,1.04,3,0.34,0.0,0,0,45,52
2026-01-26 12:15:00,0,12,15,45,41.57,10.06,17.89,2.32,3,0.58,0.0,0,1,51,55
2026-01-26 12:30:00,0,12,30,51,22.47,8.5,21.19,1.06,3,0.36,0.0,0,0,52,55
2026-01-26 12:45:00,0,12,45,52,26.96,9.74,18.48,1.46,3,0.53,0.0,0,0,55,55
2026-01-26 13:00:00,0,13,0,55,17.45,7.06,17.0,1.03,2,0.15,0.0,1,0,55,57
2026-01-26 13:15:00,0,13,15,55,23.57,8.94,20.13,1.17,3,0.42,0.0,0,0,55,57
2026-01-26 13:30:00,0,13,30,55,24.89,14.9,12.08,2.06,3,0.77,3.5,0,0,57,60
2026-01-26 13:45:00,0,13,45,57,21.28,9.19,19.58,1.09,3,0.46,0.0,0,0,57,60
2026-01-26 14:00:00,0,14,0,57,27.16,10.54,17.08,1.59,3,0.65,0.0,0,0,60,60
2026-01-26 14:15:00,0,14,15,60,27.78,6.49,27.73,1.0,3,0.07,0.0,0,0,60,63
2026-01-26 14:30:00,0,14,30,60,25.94,8.47,21.24,1.22,3,0.35,0.0,0,0,60,65
2026-01-26 14:45:00,0,14,45,60,24.19,9.34,12.84,1.88,2,0.48,0.0,1,0,63,66
2026-01-26 15:00:00,0,15,0,63,19.78,8.93,13.44,1.47,2,0.42,0.0,1,0,65,67
2026-01-26 15:15:00,0,15,15,65,27.98,7.23,24.89,1.12,3,0.18,0.0,0,0,66,67
2026-01-26 15:30:00,0,15,30,66,25.82,8.92,20.18,1.28,3,0.42,0.0,0,0,67,67
2026-01-26 15:45:00,0,15,45,67,22.95,7.76,23.19,0.99,3,0.25,0.0,0,0,67,66
2026-01-26 16:00:00,0,16,0,67,21.05,8.8,20.46,1.03,3,0.4,0.0,0,0,67,65
2026-01-26 16:15:00,0,16,15,67,18.37,9.86,18.25,1.01,3,0.55,0.0,0,0,66,65
2026-01-26 16:30:00,0,16,30,66,21.21,6.6,27.27,0.78,3,0.09,0.0,0,0,65,65
2026-01-26 16:45:00,0,16,45,65,19.27,7.99,22.52,0.86,3,0.28,0.0,0,0,65,65
2026-01-26 17:00:00,0,17,0,65,18.23,8.19,21.98,0.83,3,0.31,0.0,0,0,65,68
2026-01-26 17:15:00,0,17,15,65,20.37,7.78,23.13,0.88,3,0.25,0.0,0,0,65,66
2026-01-26 17:30:00,0,17,30,65,19.29,8.67,13.85,1.39,2,0.38,0.0,1,0,68,17
2026-01-26 17:45:00,0,17,45,68,22.16,6.34,28.38,0.78,3,0.05,0.0,0,0,66,18
2026-01-27 09:00:00,1,9,0,14,29.45,7.12,25.28,1.17,3,0.16,0.0,0,0,17,20
2026-01-27 09:15:00,1,9,15,17,27.34,9.76,18.43,1.48,3,0.54,0.0,0,0,18,21
2026-01-27 09:30:00,1,9,30,18,29.95,7.23,24.91,1.2,3,0.18,0.0,0,0,20,23
2026-01-27 09:45:00,1,9,45,20,25.3,7.16,25.13,1.01,3,0.17,0.0,0,0,21,26
2026-01-27 10:00:00,1,10,0,21,28.56,8.3,21.7,1.32,3,0.33,0.0,0,0,23,24
2026-01-27 10:15:00,1,10,15,23,33.67,7.51,23.97,1.4,3,0.22,0.0,0,0,26,27
2026-01-27 10:30:00,1,10,30,26,28.87,6.15,29.25,0.99,3,0.02,0.0,0,0,24,24
2026-01-27 10:45:00,1,10,45,24,28.09,10.84,16.6,1.69,3,0.69,0.0,0,0,27,25
2026-01-27 11:00:00,1,11,0,27,13.79,8.72,20.64,0.67,3,0.39,0.0,0,0,24,27
2026-01-27 11:15:00,1,11,15,24,17.05,10.21,17.62,0.97,3,0.6,0.0,0,0,25,26
2026-01-27 11:30:00,1,11,30,25,19.1,11.14,16.15,1.18,3,0.44,2.03,0,0,27,25
2026-01-27 11:45:00,1,11,45,27,20.95,7.4,24.31,0.86,3,0.2,0.0,0,0,26,23
2026-01-27 12:00:00,1,12,0,26,20.98,7.67,23.46,0.89,3,0.24,0.0,0,0,25,23
2026-01-27 12:15:00,1,12,15,25,17.83,9.06,19.87,0.9,3,0.44,0.0,0,0,23,24
2026-01-27 12:30:00,1,12,30,23,20.06,11.15,16.15,1.24,3,0.74,0.0,0,0,23,23
2026-01-27 12:45:00,1,12,45,23,18.77,12.32,14.61,1.29,3,0.9,0.0,0,0,24,24
2026-01-27 13:00:00,1,13,0,24,15.28,7.16,25.15,0.61,3,0.17,0.0,0,0,23,21
2026-01-27 13:15:00,1,13,15,23,15.48,11.94,15.08,1.03,3,0.85,0.0,0,0,24,18
2026-01-27 13:30:00,1,13,30,24,10.74,7.63,23.58,0.46,3,0.23,0.0,0,0,21,17
2026-01-27 13:45:00,1,13,45,21,14.46,7.31,24.62,0.59,3,0.19,0.0,0,0,18,20
2026-01-27 14:00:00,1,14,0,18,19.73,7.78,23.14,0.85,3,0.25,0.0,0,0,17,18
2026-01-27 14:15:00,1,14,15,17,23.05,10.35,17.4,1.32,3,0.62,0.0,0,0,20,16
2026-01-27 14:30:00,1,14,30,20,15.21,7.4,24.32,0.63,3,0.2,0.0,0,0,18,14
2026-01-27 14:45:00,1,14,45,18,17.01,7.46,24.12,0.71,3,0.21,0.0,0,0,16,14
2026-01-27 15:00:00,1,15,0,16,13.18,6.91,26.04,0.51,3,0.13,0.0,0,0,14,17
2026-01-27 15:15:00,1,15,15,14,18.35,11.09,16.22,1.13,3,0.73,0.0,0,0,14,17
2026-01-27 15:30:00,1,15,30,14,22.23,10.99,16.38,1.36,3,0.71,0.0,0,0,17,17
2026-01-27 15:45:00,1,15,45,17,16.08,9.91,18.16,0.89,3,0.56,0.0,0,0,17,14
2026-01-27 16:00:00,1,16,0,17,17.46,7.46,24.14,0.72,3,0.21,0.0,0,0,17,13
2026-01-27 16:15:00,1,16,15,17,15.91,7.41,24.28,0.66,3,0.2,0.0,0,0,14,13
2026-01-27 16:30:00,1,16,30,14,12.06,9.49,18.97,0.64,3,0.5,0.0,0,0,13,11
2026-01-27 16:45:00,1,16,45,13,12.93,10.14,17.76,0.73,3,0.59,0.0,0,0,13,8
2026-01-27 17:00:00,1,17,0,13,13.75,6.58,27.36,0.5,3,0.08,0.0,0,0,11,5
2026-01-27 17:15:00,1,17,15,11,11.87,7.66,23.51,0.5,3,0.24,0.0,0,0,8,4
2026-01-27 17:30:00,1,17,30,8,10.68,7.84,22.97,0.47,3,0.26,0.0,0,0,5,16
2026-01-27 17:45:00,1,17,45,5,13.77,10.27,17.53,0.79,3,0.61,0.0,0,0,4,17
2026-01-28 09:00:00,2,9,0,14,23.21,11.67,15.42,1.5,3,0.81,0.0,0,0,16,20
2026-01-28 09:15:00,2,9,15,16,23.24,8.62,20.89,1.11,3,0.37,0.0,0,0,17,23
2026-01-28 09:30:00,2,9,30,17,29.67,10.96,16.42,1.81,3,0.71,0.0,0,0,20,27
2026-01-28 09:45:00,2,9,45,20,29.97,8.54,21.08,1.42,3,0.36,0.0,0,0,23,29
2026-01-28 10:00:00,2,10,0,23,29.41,10.33,17.42,1.69,3,0.62,0.0,0,0,27,35
2026-01-28 10:15:00,2,10,15,27,27.78,9.98,18.04,1.54,3,0.57,0.0,0,0,29,38
2026-01-28 10:30:00,2,10,30,29,47.22,8.11,22.2,2.13,3,0.3,0.0,0,1,35,41
2026-01-28 10:45:00,2,10,45,35,28.88,9.82,18.32,1.58,3,0.55,0.0,0,0,38,43
2026-01-28 11:00:00,2,11,0,38,40.65,6.94,25.95,1.57,3,0.13,0.0,0,1,41,44
2026-01-28 11:15:00,2,11,15,41,33.21,8.49,21.2,1.57,3,0.36,0.0,0,1,43,42
2026-01-28 11:30:00,2,11,30,43,20.06,9.66,18.64,1.08,3,0.52,0.0,0,0,44,43
2026-01-28 11:45:00,2,11,45,44,18.11,7.99,22.52,0.8,3,0.28,0.0,0,0,42,42
2026-01-28 12:00:00,2,12,0,42,17.9,8.69,20.71,0.86,3,0.38,0.0,0,0,43,42
2026-01-28 12:15:00,2,12,15,43,17.71,8.23,21.87,0.81,3,0.32,0.0,0,0,42,39
2026-01-28 12:30:00,2,12,30,42,17.67,9.02,19.96,0.89,3,0.43,0.0,0,0,42,36
2026-01-28 12:45:00,2,12,45,42,16.32,6.04,29.8,0.55,3,0.01,0.0,0,0,39,35
2026-01-28 13:00:00,2,13,0,39,15.04,6.84,26.31,0.57,3,0.12,0.0,0,0,36,35
2026-01-28 13:15:00,2,13,15,36,9.23,10.54,17.08,0.54,3,0.65,0.0,0,0,35,33
2026-01-28 13:30:00,2,13,30,35,14.24,11.79,15.27,0.93,3,0.83,0.0,0,0,35,32
2026-01-28 13:45:00,2,13,45,35,16.04,9.71,18.54,0.86,3,0.53,0.0,0,0,33,31
2026-01-28 14:00:00,2,14,0,33,15.79,7.57,23.78,0.66,3,0.22,0.0,0,0,32,31
2026-01-28 14:15:00,2,14,15,32,14.86,10.06,17.89,0.83,3,0.58,0.0,0,0,31,29
2026-01-28 14:30:00,2,14,30,31,17.06,8.51,21.16,0.81,3,0.36,0.0,0,0,31,29
2026-01-28 14:45:00,2,14,45,31,18.9,6.75,26.67,0.71,3,0.11,0.0,0,0,29,27
2026-01-28 15:00:00,2,15,0,29,16.96,8.38,21.47,0.79,3,0.34,0.0,0,0,29,26
2026-01-28 15:15:00,2,15,15,29,12.29,7.05,17.01,0.72,2,0.15,0.0,1,0,27,24
2026-01-28 15:30:00,2,15,30,27,10.78,11.16,16.13,0.67,3,0.27,3.29,0,0,26,20
2026-01-28 15:45:00,2,15,45,26,17.0,8.46,21.27,0.8,3,0.35,0.0,0,0,24,19
2026-01-28 16:00:00,2,16,0,24,15.1,8.02,22.45,0.67,3,0.29,0.0,0,0,20,22
2026-01-28 16:15:00,2,16,15,20,13.37,7.31,16.41,0.81,2,0.19,0.0,1,0,19,21
2026-01-28 16:30:00,2,16,30,19,33.11,8.25,21.82,1.52,3,0.32,0.0,0,1,22,18
2026-01-28 16:45:00,2,16,45,22,13.76,10.97,16.41,0.84,3,0.71,0.0,0,0,21,19
2026-01-28 17:00:00,2,17,0,21,15.8,6.8,26.46,0.6,3,0.11,0.0,0,0,18,17
2026-01-28 17:15:00,2,17,15,18,20.29,7.99,22.52,0.9,3,0.28,0.0,0,0,19,13
2026-01-28 17:30:00,2,17,30,19,13.21,8.07,22.3,0.59,3,0.3,0.0,0,0,17,7
2026-01-28 17:45:00,2,17,45,17,13.29,7.03,25.59,0.52,3,0.15,0.0,0,0,13,9
2026-01-29 09:00:00,3,9,0,6,30.99,6.49,27.74,1.12,3,0.07,0.0,0,0,7,13
2026-01-29 09:15:00,3,9,15,7,26.65,7.3,24.67,1.08,3,0.19,0.0,0,0,9,13
2026-01-29 09:30:00,3,9,30,9,27.33,8.47,14.17,1.93,2,0.35,0.0,1,0,13,12
2026-01-29 09:45:00,3,9,45,13,25.6,9.99,18.03,1.42,3,0.57,0.0,0,0,13,18
2026-01-29 10:00:00,3,10,0,13,27.32,6.47,27.83,0.98,3,0.07,0.0,0,0,12,20
2026-01-29 10:15:00,3,10,15,12,36.29,10.62,16.94,2.14,3,0.66,0.0,0,0,18,23
2026-01-29 10:30:00,3,10,30,18,31.94,8.44,21.33,1.5,3,0.35,0.0,0,0,20,22
2026-01-29 10:45:00,3,10,45,20,30.48,10.77,16.71,1.82,3,0.68,0.0,0,0,23,21
2026-01-29 11:00:00,3,11,0,23,19.41,7.76,23.19,0.84,3,0.25,0.0,0,0,22,20
2026-01-29 11:15:00,3,11,15,22,18.59,8.0,22.49,0.83,3,0.29,0.0,0,0,21,19
2026-01-29 11:30:00,3,11,30,21,21.07,8.02,22.45,0.94,3,0.29,0.0,0,0,20,19
2026-01-29 11:45:00,3,11,45,20,18.06,8.0,22.5,0.8,3,0.29,0.0,0,0,19,16
2026-01-29 12:00:00,3,12,0,19,20.39,8.81,20.44,1.0,3,0.4,0.0,0,0,19,12
2026-01-29 12:15:00,3,12,15,19,10.29,7.38,24.4,0.42,3,0.2,0.0,0,0,16,10
2026-01-29 12:30:00,3,12,30,16,13.37,6.42,28.02,0.48,3,0.06,0.0,0,0,12,7
2026-01-29 12:45:00,3,12,45,12,18.33,6.95,25.9,0.71,3,0.14,0.0,0,0,10,4
2026-01-29 13:00:00,3,13,0,10,8.5,7.99,22.53,0.38,3,0.28,0.0,0,0,7,7
2026-01-29 13:15:00,3,13,15,7,16.32,6.93,25.99,0.63,3,0.13,0.0,0,0,4,6
2026-01-29 13:30:00,3,13,30,4,31.78,11.01,16.35,1.94,3,0.72,0.0,0,1,7,8
2026-01-29 13:45:00,3,13,45,7,9.12,7.46,16.08,0.57,2,0.21,0.0,1,0,6,8
2026-01-29 14:00:00,3,14,0,6,20.62,9.77,18.43,1.12,3,0.54,0.0,0,0,8,6
2026-01-29 14:15:00,3,14,15,8,15.51,9.09,19.79,0.78,3,0.44,0.0,0,0,8,5
2026-01-29 14:30:00,3,14,30,8,17.75,7.27,24.76,0.72,3,0.18,0.0,0,0,6,3
2026-01-29 14:45:00,3,14,45,6,17.24,8.76,20.56,0.84,3,0.39,0.0,0,0,5,6
2026-01-29 15:00:00,3,15,0,5,17.9,7.95,22.63,0.79,3,0.28,0.0,0,0,3,5
2026-01-29 15:15:00,3,15,15,3,37.13,6.7,26.86,1.38,3,0.1,0.0,0,1,6,6
2026-01-29 15:30:00,3,15,30,6,18.41,7.65,23.54,0.78,3,0.24,0.0,0,0,5,4
2026-01-29 15:45:00,3,15,45,5,20.84,8.81,20.43,1.02,3,0.4,0.0,0,0,6,3
2026-01-29 16:00:00,3,16,0,6,15.48,8.46,21.29,0.73,3,0.35,0.0,0,0,4,2
2026-01-29 16:15:00,3,16,15,4,15.59,8.39,21.46,0.73,3,0.34,0.0,0,0,3,1
2026-01-29 16:30:00,3,16,30,3,10.34,10.13,17.76,0.58,3,0.59,0.0,0,0,2,1
2026-01-29 16:45:00,3,16,45,2,15.41,7.26,24.78,0.62,3,0.18,0.0,0,0,1,0
2026-01-29 17:00:00,3,17,0,1,15.68,9.47,19.02,0.82,3,0.17,2.28,0,0,1,0
2026-01-29 17:15:00,3,17,15,1,9.12,7.37,24.42,0.37,3,0.2,0.0,0,0,0,0
2026-01-29 17:30:00,3,17,30,0,14.35,9.24,19.47,0.74,3,0.46,0.0,0,0,0,11
2026-01-29 17:45:00,3,17,45,0,10.59,8.01,22.48,0.47,3,0.29,0.0,0,0,0,12
2026-01-30 09:00:00,4,9,0,7,32.01,11.75,15.32,2.09,3,0.82,0.0,0,0,11,17
2026-01-30 09:15:00,4,9,15,11,34.16,7.09,25.4,1.34,3,0.16,0.0,0,0,12,19
2026-01-30 09:30:00,4,9,30,12,33.63,11.18,16.1,2.09,3,0.74,0.0,0,0,17,24
2026-01-30 09:45:00,4,9,45,17,38.45,9.98,18.03,2.13,3,0.14,3.02,0,0,19,30
2026-01-30 10:00:00,4,10,0,19,36.48,7.49,24.02,1.52,3,0.21,0.0,0,0,24,32
2026-01-30 10:15:00,4,10,15,24,31.53,10.05,11.94,2.64,2,0.2,2.67,1,0,30,34
2026-01-30 10:30:00,4,10,30,30,28.55,8.08,22.29,1.28,3,0.3,0.0,0,0,32,36
2026-01-30 10:45:00,4,10,45,32,36.41,7.88,22.83,1.59,3,0.27,0.0,0,0,34,38
2026-01-30 11:00:00,4,11,0,34,27.72,6.96,17.25,1.61,2,0.14,0.0,1,0,36,38
2026-01-30 11:15:00,4,11,15,36,22.25,11.17,16.12,1.38,3,0.74,0.0,0,0,38,38
2026-01-30 11:30:00,4,11,30,38,20.88,7.34,16.36,1.28,2,0.19,0.0,1,0,38,37
2026-01-30 11:45:00,4,11,45,38,19.34,7.25,24.82,0.78,3,0.18,0.0,0,0,38,38
2026-01-30 12:00:00,4,12,0,38,27.48,6.74,26.69,1.03,3,0.11,0.0,0,0,37,36
2026-01-30 12:15:00,4,12,15,37,20.2,9.79,18.39,1.1,3,0.54,0.0,0,0,38,35
2026-01-30 12:30:00,4,12,30,38,18.83,7.37,24.42,0.77,3,0.2,0.0,0,0,36,34
2026-01-30 12:45:00,4,12,45,36,19.11,8.05,22.35,0.85,3,0.29,0.0,0,0,35,34
2026-01-30 13:00:00,4,13,0,35,12.44,10.08,17.86,0.7,3,0.58,0.0,0,0,34,31
2026-01-30 13:15:00,4,13,15,34,13.29,10.55,17.07,0.78,3,0.65,0.0,0,0,34,30
2026-01-30 13:30:00,4,13,30,34,13.84,6.68,26.95,0.51,3,0.1,0.0,0,0,31,31
2026-01-30 13:45:00,4,13,45,31,13.2,7.38,16.26,0.81,2,0.2,0.0,1,0,30,32
2026-01-30 14:00:00,4,14,0,30,18.68,11.86,15.18,1.23,3,0.37,3.26,0,0,31,30
2026-01-30 14:15:00,4,14,15,31,17.88,10.66,16.88,1.06,3,0.67,0.0,0,0,32,30
2026-01-30 14:30:00,4,14,30,32,19.22,8.19,21.98,0.87,3,0.31,0.0,0,0,30,32
2026-01-30 14:45:00,4,14,45,30,22.35,10.89,16.52,1.35,3,0.7,0.0,0,0,30,33
2026-01-30 15:00:00,4,15,0,30,23.88,9.88,18.21,1.31,3,0.55,0.0,0,0,32,35
2026-01-30 15:15:00,4,15,15,32,27.22,7.03,25.61,1.06,3,0.15,0.0,0,0,33,35
2026-01-30 15:30:00,4,15,30,33,24.7,10.45,17.23,1.43,3,0.64,0.0,0,0,35,38
2026-01-30 15:45:00,4,15,45,35,19.39,10.48,17.17,1.13,3,0.64,0.0,0,0,35,38
2026-01-30 16:00:00,4,16,0,35,17.42,9.1,13.18,1.32,2,0.44,0.0,1,0,38,38
2026-01-30 16:15:00,4,16,15,38,19.92,10.82,16.63,1.2,3,0.69,0.0,0,0,38,34
2026-01-30 16:30:00,4,16,30,38,10.77,10.6,16.98,0.63,3,0.66,0.0,0,0,38,39
2026-01-30 16:45:00,4,16,45,38,18.87,7.09,25.39,0.74,3,0.16,0.0,0,0,34,36
2026-01-30 17:00:00,4,17,0,34,20.36,11.59,10.35,1.97,2,0.8,0.0,1,0,39,36
2026-01-30 17:15:00,4,17,15,39,12.68,8.14,22.11,0.57,3,0.31,0.0,0,0,36,35
2026-01-30 17:30:00,4,17,30,36,21.7,6.67,26.98,0.8,3,0.1,0.0,0,0,36,9
2026-01-30 17:45:00,4,17,45,36,12.7,10.06,17.9,0.71,3,0.58,0.0,0,0,35,11
2026-02-02 09:00:00,0,9,0,6,34.88,6.43,28.0,1.25,3,0.06,0.0,0,0,9,18
2026-02-02 09:15:00,0,9,15,9,36.25,7.67,23.48,1.54,3,0.24,0.0,0,0,11,22
2026-02-02 09:30:00,0,9,30,11,40.72,10.94,16.46,2.47,3,0.71,0.0,0,0,18,27
2026-02-02 09:45:00,0,9,45,18,42.44,7.04,25.56,1.66,3,0.15,0.0,0,0,22,29
2026-02-02 10:00:00,0,10,0,22,39.21,7.47,24.1,1.63,3,0.21,0.0,0,0,27,34
2026-02-02 10:15:00,0,10,15,27,32.67,8.44,21.32,1.53,3,0.35,0.0,0,0,29,38
2026-02-02 10:30:00,0,10,30,29,42.18,8.33,21.61,1.95,3,0.33,0.0,0,0,34,39
2026-02-02 10:45:00,0,10,45,34,34.63,9.95,18.1,1.91,3,0.56,0.0,0,0,38,38
2026-02-02 11:00:00,0,11,0,38,25.88,7.5,24.0,1.08,3,0.21,0.0,0,0,39,39
2026-02-02 11:15:00,0,11,15,39,24.57,6.85,26.29,0.93,3,0.12,0.0,0,0,38,40
2026-02-02 11:30:00,0,11,30,38,24.16,8.26,21.79,1.11,3,0.32,0.0,0,0,39,42
2026-02-02 11:45:00,0,11,45,39,23.86,7.93,22.71,1.05,3,0.28,0.0,0,0,40,42
2026-02-02 12:00:00,0,12,0,40,24.74,7.3,16.44,1.51,2,0.19,0.0,1,0,42,43
2026-02-02 12:15:00,0,12,15,42,26.2,9.1,19.78,1.32,3,0.44,0.0,0,0,42,41
2026-02-02 12:30:00,0,12,30,42,19.82,8.42,21.39,0.93,3,0.35,0.0,0,0,43,43
2026-02-02 12:45:00,0,12,45,43,16.34,8.38,21.48,0.76,3,0.34,0.0,0,0,41,41
2026-02-02 13:00:00,0,13,0,41,19.04,9.45,12.71,1.5,2,0.49,0.0,1,0,43,39
2026-02-02 13:15:00,0,13,15,43,15.84,10.28,17.51,0.9,3,0.61,0.0,0,0,41,40
2026-02-02 13:30:00,0,13,30,41,18.41,6.24,28.85,0.64,3,0.03,0.0,0,0,39,43
2026-02-02 13:45:00,0,13,45,39,20.15,9.54,18.86,1.07,3,0.51,0.0,0,0,40,42
2026-02-02 14:00:00,0,14,0,40,24.1,9.47,19.01,1.27,3,0.5,0.0,0,0,43,42
2026-02-02 14:15:00,0,14,15,43,24.26,7.81,23.04,1.05,3,0.26,0.0,0,0,42,41
2026-02-02 14:30:00,0,14,30,42,21.53,7.7,23.39,0.92,3,0.24,0.0,0,0,42,42
2026-02-02 14:45:00,0,14,45,42,24.88,7.38,24.4,1.02,3,0.2,0.0,0,0,41,42
2026-02-02 15:00:00,0,15,0,41,21.86,8.74,20.61,1.06,3,0.39,0.0,0,0,42,44
2026-02-02 15:15:00,0,15,15,42,24.73,8.83,20.37,1.21,3,0.4,0.0,0,0,42,44
2026-02-02 15:30:00,0,15,30,42,36.81,9.36,19.24,1.91,3,0.48,0.0,0,1,44,45
2026-02-02 15:45:00,0,15,45,44,24.72,9.12,19.75,1.25,3,0.45,0.0,0,0,44,46
2026-02-02 16:00:00,0,16,0,44,21.9,10.33,17.43,1.26,3,0.62,0.0,0,0,45,46
2026-02-02 16:15:00,0,16,15,45,21.67,9.63,18.69,1.16,3,0.52,0.0,0,0,46,49
2026-02-02 16:30:00,0,16,30,46,22.32,8.06,14.9,1.5,2,0.29,0.0,1,0,46,49
2026-02-02 16:45:00,0,16,45,46,23.83,10.63,16.94,1.41,3,0.66,0.0,0,0,49,48
2026-02-02 17:00:00,0,17,0,49,20.8,8.57,21.0,0.99,3,0.37,0.0,0,0,49,50
2026-02-02 17:15:00,0,17,15,49,17.75,8.26,21.79,0.81,3,0.32,0.0,0,0,48,48
2026-02-02 17:30:00,0,17,30,48,20.01,11.59,15.54,1.29,3,0.45,2.45,0,0,50,10
2026-02-02 17:45:00,0,17,45,50,18.61,6.53,27.55,0.68,3,0.08,0.0,0,0,48,15
2026-02-03 09:00:00,1,9,0,8,34.75,7.09,25.37,1.37,3,0.16,0.0,0,0,10,17
2026-02-03 09:15:00,1,9,15,10,32.56,11.87,15.17,2.15,3,0.84,0.0,0,0,15,20
2026-02-03 09:30:00,1,9,30,15,28.29,8.43,21.35,1.32,3,0.35,0.0,0,0,17,23
2026-02-03 09:45:00,1,9,45,17,31.41,9.34,19.28,1.63,3,0.48,0.0,0,0,20,24
2026-02-03 10:00:00,1,10,0,20,29.78,10.16,17.72,1.68,3,0.59,0.0,0,0,23,28
2026-02-03 10:15:00,1,10,15,23,27.11,8.44,21.34,1.27,3,0.35,0.0,0,0,24,30
2026-02-03 10:30:00,1,10,30,24,30.54,9.86,12.17,2.51,2,0.55,0.0,1,0,28,28
2026-02-03 10:45:00,1,10,45,28,29.45,7.92,22.72,1.3,3,0.27,0.0,0,0,30,27
2026-02-03 11:00:00,1,11,0,30,15.96,9.39,19.17,0.83,3,0.48,0.0,0,0,28,27
2026-02-03 11:15:00,1,11,15,28,18.72,7.14,25.2,0.74,3,0.16,0.0,0,0,27,26
2026-02-03 11:30:00,1,11,30,27,21.17,10.74,16.77,1.26,3,0.68,0.0,0,0,27,26
2026-02-03 11:45:00,1,11,45,27,19.2,8.15,22.08,0.87,3,0.31,0.0,0,0,26,24
2026-02-03 12:00:00,1,12,0,26,21.84,7.22,24.92,0.88,3,0.17,0.0,0,0,26,23
2026-02-03 12:15:00,1,12,15,26,14.98,7.87,22.86,0.66,3,0.27,0.0,0,0,24,22
2026-02-03 12:30:00,1,12,30,24,17.72,11.17,16.11,1.1,3,0.38,2.51,0,0,23,21
2026-02-03 12:45:00,1,12,45,23,17.07,7.52,23.94,0.71,3,0.22,0.0,0,0,22,20
2026-02-03 13:00:00,1,13,0,22,13.62,11.58,15.54,0.88,3,0.8,0.0,0,0,21,21
2026-02-03 13:15:00,1,13,15,21,15.76,9.0,20.0,0.79,3,0.43,0.0,0,0,20,20
2026-02-03 13:30:00,1,13,30,20,17.47,10.92,16.48,1.06,3,0.31,2.78,0,0,21,19
2026-02-03 13:45:00,1,13,45,21,15.47,8.55,21.04,0.74,3,0.36,0.0,0,0,20,17
2026-02-03 14:00:00,1,14,0,20,18.14,10.45,17.23,1.05,3,0.64,0.0,0,0,19,17
2026-02-03 14:15:00,1,14,15,19,16.5,6.93,25.99,0.63,3,0.13,0.0,0,0,17,16
2026-02-03 14:30:00,1,14,30,17,19.8,9.2,19.58,1.01,3,0.46,0.0,0,0,17,16
2026-02-03 14:45:00,1,14,45,17,18.44,10.76,16.72,1.1,3,0.28,2.78,0,0,16,16
2026-02-03 15:00:00,1,15,0,16,17.9,8.46,21.28,0.84,3,0.35,0.0,0,0,16,18
2026-02-03 15:15:00,1,15,15,16,21.29,10.58,17.01,1.25,3,0.32,2.35,0,0,16,17
2026-02-03 15:30:00,1,15,30,16,18.77,13.9,12.95,1.45,3,0.63,3.5,0,0,18,17
2026-02-03 15:45:00,1,15,45,18,17.87,10.3,17.48,1.02,3,0.61,0.0,0,0,17,14
2026-02-03 16:00:00,1,16,0,17,15.35,9.13,19.71,0.78,3,0.45,0.0,0,0,17,12
2026-02-03 16:15:00,1,16,15,17,15.91,7.21,24.97,0.64,3,0.17,0.0,0,0,14,9
2026-02-03 16:30:00,1,16,30,14,14.54,7.53,23.91,0.61,3,0.22,0.0,0,0,12,9
2026-02-03 16:45:00,1,16,45,12,9.97,7.58,23.74,0.42,3,0.23,0.0,0,0,9,6
2026-02-03 17:00:00,1,17,0,9,12.66,11.72,15.36,0.82,3,0.82,0.0,0,0,9,6
2026-02-03 17:15:00,1,17,15,9,9.29,7.85,22.94,0.41,3,0.26,0.0,0,0,6,2
2026-02-03 17:30:00,1,17,30,6,17.03,10.57,17.04,1.0,3,0.65,0.0,0,0,6,12
2026-02-03 17:45:00,1,17,45,6,7.75,9.64,18.68,0.42,3,0.52,0.0,0,0,2,16
2026-02-04 09:00:00,2,9,0,12,29.16,8.0,22.51,1.3,3,0.29,0.0,0,0,12,18
2026-02-04 09:15:00,2,9,15,12,32.12,8.32,21.64,1.48,3,0.33,0.0,0,0,16,21
2026-02-04 09:30:00,2,9,30,16,31.31,9.14,19.69,1.59,3,0.45,0.0,0,0,18,24
2026-02-04 09:45:00,2,9,45,18,28.33,9.09,19.8,1.43,3,0.44,0.0,0,0,21,23
2026-02-04 10:00:00,2,10,0,21,29.83,8.53,14.08,2.12,2,0.36,0.0,1,0,24,25
2026-02-04 10:15:00,2,10,15,24,25.29,6.95,25.91,0.98,3,0.14,0.0,0,0,23,30
2026-02-04 10:30:00,2,10,30,23,25.11,9.37,19.21,1.31,3,0.48,0.0,0,0,25,30
2026-02-04 10:45:00,2,10,45,25,33.15,12.36,14.57,2.28,3,0.91,0.0,0,0,30,32
2026-02-04 11:00:00,2,11,0,30,19.46,10.24,17.57,1.11,3,0.61,0.0,0,0,30,33
2026-02-04 11:15:00,2,11,15,30,38.58,6.87,26.18,1.47,3,0.12,0.0,0,1,32,33
2026-02-04 11:30:00,2,11,30,32,19.68,10.38,17.34,1.13,3,0.63,0.0,0,0,33,34
2026-02-04 11:45:00,2,11,45,33,14.21,8.71,20.66,0.69,3,0.39,0.0,0,0,33,34
2026-02-04 12:00:00,2,12,0,33,20.03,7.91,15.18,1.32,2,0.27,0.0,1,0,34,34
2026-02-04 12:15:00,2,12,15,34,14.23,11.87,15.16,0.94,3,0.84,0.0,0,0,34,33
2026-02-04 12:30:00,2,12,30,34,21.94,7.61,23.65,0.93,3,0.23,0.0,0,0,34,30
2026-02-04 12:45:00,2,12,45,34,16.61,8.69,20.71,0.8,3,0.38,0.0,0,0,33,32
2026-02-04 13:00:00,2,13,0,33,12.58,9.48,18.98,0.66,3,0.5,0.0,0,0,30,31
2026-02-04 13:15:00,2,13,15,30,13.23,12.71,9.44,1.4,2,0.96,0.0,1,0,32,27
2026-02-04 13:30:00,2,13,30,32,12.93,11.98,15.02,0.86,3,0.85,0.0,0,0,31,25
2026-02-04 13:45:00,2,13,45,31,10.19,6.75,26.65,0.38,3,0.11,0.0,0,0,27,22
2026-02-04 14:00:00,2,14,0,27,19.64,7.05,25.52,0.77,3,0.15,0.0,0,0,25,22
2026-02-04 14:15:00,2,14,15,25,21.56,6.29,28.6,0.75,3,0.04,0.0,0,0,22,22
2026-02-04 14:30:00,2,14,30,22,20.19,6.51,27.63,0.73,3,0.07,0.0,0,0,22,20
2026-02-04 14:45:00,2,14,45,22,24.26,7.77,23.17,1.05,3,0.25,0.0,0,0,22,20
2026-02-04 15:00:00,2,15,0,22,20.44,7.08,25.42,0.8,3,0.15,0.0,0,0,20,18
2026-02-04 15:15:00,2,15,15,20,13.87,10.54,17.08,0.81,3,0.65,0.0,0,0,20,20
2026-02-04 15:30:00,2,15,30,20,21.32,6.61,27.22,0.78,3,0.09,0.0,0,0,18,19
2026-02-04 15:45:00,2,15,45,18,22.92,9.71,18.54,1.24,3,0.53,0.0,0,0,20,17
2026-02-04 16:00:00,2,16,0,20,13.23,12.45,14.45,0.92,3,0.6,2.23,0,0,19,18
2026-02-04 16:15:00,2,16,15,19,16.1,7.89,22.82,0.71,3,0.27,0.0,0,0,17,20
2026-02-04 16:30:00,2,16,30,17,16.9,9.1,19.79,0.85,3,0.44,0.0,0,0,18,21
2026-02-04 16:45:00,2,16,45,18,33.25,7.98,22.56,1.47,3,0.28,0.0,0,1,20,20
2026-02-04 17:00:00,2,17,0,20,16.62,8.02,22.44,0.74,3,0.29,0.0,0,0,21,20
2026-02-04 17:15:00,2,17,15,21,13.23,10.93,16.48,0.8,3,0.7,0.0,0,0,20,17
2026-02-04 17:30:00,2,17,30,20,19.9,7.74,23.24,0.86,3,0.25,0.0,0,0,20,10
2026-02-04 17:45:00,2,17,45,20,9.83,8.28,21.74,0.45,3,0.33,0.0,0,0,17,12
2026-02-05 09:00:00,3,9,0,8,27.34,9.9,18.19,1.5,3,0.56,0.0,0,0,10,15
2026-02-05 09:15:00,3,9,15,10,29.72,8.0,22.49,1.32,3,0.29,0.0,0,0,12,19
2026-02-05 09:30:00,3,9,30,12,26.0,9.7,18.55,1.4,3,0.53,0.0,0,0,15,23
2026-02-05 09:45:00,3,9,45,15,33.67,9.33,19.29,1.74,3,0.48,0.0,0,0,19,26
2026-02-05 10:00:00,3,10,0,19,33.39,11.22,16.04,2.08,3,0.75,0.0,0,0,23,30
2026-02-05 10:15:00,3,10,15,23,29.88,11.89,15.14,1.97,3,0.84,0.0,0,0,26,32
2026-02-05 10:30:00,3,10,30,26,29.48,11.28,15.95,1.85,3,0.75,0.0,0,0,30,32
2026-02-05 10:45:00,3,10,45,30,27.63,8.96,20.09,1.38,3,0.42,0.0,0,0,32,30
2026-02-05 11:00:00,3,11,0,32,14.62,9.75,18.47,0.79,3,0.54,0.0,0,0,32,27
2026-02-05 11:15:00,3,11,15,32,17.78,9.29,19.37,0.92,3,0.47,0.0,0,0,30,27
2026-02-05 11:30:00,3,11,30,30,13.52,8.17,22.04,0.61,3,0.31,0.0,0,0,27,27
2026-02-05 11:45:00,3,11,45,27,17.6,8.71,20.66,0.85,3,0.39,0.0,0,0,27,27
2026-02-05 12:00:00,3,12,0,27,14.91,10.9,16.51,0.9,3,0.7,0.0,0,0,27,27
2026-02-05 12:15:00,3,12,15,27,16.49,8.34,21.59,0.76,3,0.33,0.0,0,0,27,28
2026-02-05 12:30:00,3,12,30,27,18.74,7.55,23.85,0.79,3,0.22,0.0,0,0,27,26
2026-02-05 12:45:00,3,12,45,27,17.15,8.78,13.67,1.25,2,0.4,0.0,1,0,28,24
2026-02-05 13:00:00,3,13,0,28,12.84,9.44,19.07,0.67,3,0.49,0.0,0,0,26,26
2026-02-05 13:15:00,3,13,15,26,9.96,9.04,19.92,0.5,3,0.43,0.0,0,0,24,23
2026-02-05 13:30:00,3,13,30,24,25.41,11.92,15.09,1.68,3,0.85,0.0,0,1,26,26
2026-02-05 13:45:00,3,13,45,26,8.76,8.66,20.8,0.42,3,0.38,0.0,0,0,23,23
2026-02-05 14:00:00,3,14,0,23,20.93,10.06,17.89,1.17,3,0.58,0.0,0,0,26,23
2026-02-05 14:15:00,3,14,15,26,15.1,8.78,20.51,0.74,3,0.4,0.0,0,0,23,25
2026-02-05 14:30:00,3,14,30,23,14.47,9.16,13.1,1.1,2,0.45,0.0,1,0,23,30
2026-02-05 14:45:00,3,14,45,23,24.81,9.73,18.5,1.34,3,0.53,0.0,0,0,25,28
2026-02-05 15:00:00,3,15,0,25,33.68,7.65,15.68,2.15,2,0.24,0.0,1,1,30,27
2026-02-05 15:15:00,3,15,15,30,16.7,8.34,21.59,0.77,3,0.33,0.0,0,0,28,27
2026-02-05 15:30:00,3,15,30,28,19.59,9.7,18.55,1.06,3,0.53,0.0,0,0,27,26
2026-02-05 15:45:00,3,15,45,27,16.66,7.91,15.17,1.1,2,0.27,0.0,1,0,27,21
2026-02-05 16:00:00,3,16,0,27,11.96,9.02,13.31,0.9,2,0.43,0.0,1,0,26,20
2026-02-05 16:15:00,3,16,15,26,10.2,6.94,25.95,0.39,3,0.13,0.0,0,0,21,17
2026-02-05 16:30:00,3,16,30,21,14.85,8.86,20.31,0.73,3,0.41,0.0,0,0,20,13
2026-02-05 16:45:00,3,16,45,20,16.28,7.67,23.45,0.69,3,0.24,0.0,0,0,17,14
2026-02-05 17:00:00,3,17,0,17,8.87,7.63,23.6,0.38,3,0.23,0.0,0,0,13,15
2026-02-05 17:15:00,3,17,15,13,12.0,9.92,12.1,0.99,2,0.56,0.0,1,0,14,12
2026-02-05 17:30:00,3,17,30,14,18.44,14.39,12.51,1.47,3,0.81,2.73,0,0,15,11
2026-02-05 17:45:00,3,17,45,15,6.82,8.71,20.67,0.33,3,0.39,0.0,0,0,12,13
2026-02-06 09:00:00,4,9,0,7,37.34,10.37,17.36,2.15,3,0.17,3.16,0,0,11,16
2026-02-06 09:15:00,4,9,15,11,33.92,7.79,23.12,1.47,3,0.26,0.0,0,0,13,18
2026-02-06 09:30:00,4,9,30,13,32.04,7.37,24.44,1.31,3,0.2,0.0,0,0,16,18
2026-02-06 09:45:00,4,9,45,16,30.59,7.31,24.63,1.24,3,0.19,0.0,0,0,18,23
2026-02-06 10:00:00,4,10,0,18,30.42,6.96,25.88,1.18,3,0.14,0.0,0,0,18,24
2026-02-06 10:15:00,4,10,15,18,38.56,8.48,14.15,2.73,2,0.35,0.0,1,0,23,28
2026-02-06 10:30:00,4,10,30,23,33.3,6.25,28.79,1.16,3,0.04,0.0,0,0,24,30
2026-02-06 10:45:00,4,10,45,24,36.31,10.9,16.52,2.2,3,0.7,0.0,0,0,28,31
2026-02-06 11:00:00,4,11,0,28,21.66,11.19,16.09,1.35,3,0.74,0.0,0,0,30,29
2026-02-06 11:15:00,4,11,15,30,20.99,10.27,17.52,1.2,3,0.61,0.0,0,0,31,31
2026-02-06 11:30:00,4,11,30,31,16.5,8.19,21.97,0.75,3,0.31,0.0,0,0,29,31
2026-02-06 11:45:00,4,11,45,29,19.5,9.59,18.77,1.04,3,0.51,0.0,0,0,31,33
2026-02-06 12:00:00,4,12,0,31,17.61,10.49,17.16,1.03,3,0.64,0.0,0,0,31,33
2026-02-06 12:15:00,4,12,15,31,25.73,9.69,18.58,1.38,3,0.53,0.0,0,0,33,36
2026-02-06 12:30:00,4,12,30,33,22.73,7.69,23.4,0.97,3,0.24,0.0,0,0,33,36
2026-02-06 12:45:00,4,12,45,33,21.5,10.64,16.91,1.27,3,0.66,0.0,0,0,36,39
2026-02-06 13:00:00,4,13,0,36,14.31,9.33,12.86,1.11,2,0.48,0.0,1,0,36,40
2026-02-06 13:15:00,4,13,15,36,23.13,10.58,17.02,1.36,3,0.65,0.0,0,0,39,39
2026-02-06 13:30:00,4,13,30,39,16.93,10.03,17.95,0.94,3,0.58,0.0,0,0,40,40
2026-02-06 13:45:00,4,13,45,40,17.43,7.23,24.89,0.7,3,0.18,0.0,0,0,39,39
2026-02-06 14:00:00,4,14,0,39,23.42,8.67,20.77,1.13,3,0.38,0.0,0,0,40,40
2026-02-06 14:15:00,4,14,15,40,23.67,7.75,23.22,1.02,3,0.25,0.0,0,0,39,40
2026-02-06 14:30:00,4,14,30,39,19.09,9.56,18.83,1.01,3,0.51,0.0,0,0,40,41
2026-02-06 14:45:00,4,14,45,40,21.32,8.71,20.66,1.03,3,0.39,0.0,0,0,40,39
2026-02-06 15:00:00,4,15,0,40,23.26,10.39,17.33,1.34,3,0.63,0.0,0,0,41,39
2026-02-06 15:15:00,4,15,15,41,18.5,6.98,25.78,0.72,3,0.14,0.0,0,0,39,41
2026-02-06 15:30:00,4,15,30,39,23.16,9.75,18.45,1.26,3,0.54,0.0,0,0,39,46
2026-02-06 15:45:00,4,15,45,39,19.52,11.32,15.91,1.23,3,0.31,3.12,0,0,41,47
2026-02-06 16:00:00,4,16,0,41,30.76,10.74,16.76,1.84,3,0.68,0.0,0,1,46,46
2026-02-06 16:15:00,4,16,15,46,18.97,7.66,23.48,0.81,3,0.24,0.0,0,0,47,42
2026-02-06 16:30:00,4,16,30,47,16.34,8.98,20.05,0.81,3,0.43,0.0,0,0,46,40
2026-02-06 16:45:00,4,16,45,46,14.0,7.53,23.89,0.59,3,0.22,0.0,0,0,42,40
2026-02-06 17:00:00,4,17,0,42,14.94,7.41,24.3,0.61,3,0.2,0.0,0,0,40,38
2026-02-06 17:15:00,4,17,15,40,25.6,6.72,26.78,0.96,3,0.1,0.0,0,0,40,40
2026-02-06 17:30:00,4,17,30,40,16.73,7.03,25.6,0.65,3,0.15,0.0,0,0,38,18
2026-02-06 17:45:00,4,17,45,38,18.75,15.25,11.8,1.59,3,0.69,4.45,0,0,40,25
2026-02-09 09:00:00,0,9,0,14,39.73,8.23,21.88,1.82,3,0.32,0.0,0,0,18,29
2026-02-09 09:15:00,0,9,15,18,38.23,11.7,15.39,2.48,3,0.26,3.87,0,0,25,32
2026-02-09 09:30:00,0,9,30,25,38.44,8.77,20.53,1.87,3,0.4,0.0,0,0,29,40
2026-02-09 09:45:00,0,9,45,29,35.04,7.56,23.81,1.47,3,0.22,0.0,0,0,32,44
2026-02-09 10:00:00,0,10,0,32,54.9,8.3,21.68,2.53,3,0.33,0.0,0,1,40,49
2026-02-09 10:15:00,0,10,15,40,36.04,11.06,16.27,2.21,3,0.72,0.0,0,0,44,55
2026-02-09 10:30:00,0,10,30,44,35.19,9.62,18.7,1.88,3,0.52,0.0,0,0,49,58
2026-02-09 10:45:00,0,10,45,49,34.48,7.41,16.2,2.13,2,0.2,0.0,1,0,55,56
2026-02-09 11:00:00,0,11,0,55,27.82,9.59,18.76,1.48,3,0.51,0.0,0,0,58,56
2026-02-09 11:15:00,0,11,15,58,24.43,8.16,22.06,1.11,3,0.31,0.0,0,0,56,59
2026-02-09 11:30:00,0,11,30,56,24.06,10.42,17.28,1.39,3,0.63,0.0,0,0,56,60
2026-02-09 11:45:00,0,11,45,56,26.36,9.04,19.91,1.32,3,0.43,0.0,0,0,59,62
2026-02-09 12:00:00,0,12,0,59,29.13,9.18,19.61,1.49,3,0.45,0.0,0,0,60,62
2026-02-09 12:15:00,0,12,15,60,24.51,11.26,15.99,1.53,3,0.75,0.0,0,0,62,63
2026-02-09 12:30:00,0,12,30,62,24.42,8.73,20.63,1.18,3,0.39,0.0,0,0,62,61
2026-02-09 12:45:00,0,12,45,62,25.8,9.87,18.24,1.41,3,0.55,0.0,0,0,63,58
2026-02-09 13:00:00,0,13,0,63,19.06,6.72,17.87,1.07,2,0.1,0.0,1,0,61,63
2026-02-09 13:15:00,0,13,15,61,16.5,7.9,22.79,0.72,3,0.27,0.0,0,0,58,61
2026-02-09 13:30:00,0,13,30,58,34.96,10.95,16.43,2.13,3,0.24,3.27,0,1,63,63
2026-02-09 13:45:00,0,13,45,63,19.76,7.69,23.42,0.84,3,0.24,0.0,0,0,61,66
2026-02-09 14:00:00,0,14,0,61,28.98,8.59,20.96,1.38,3,0.37,0.0,0,0,63,70
2026-02-09 14:15:00,0,14,15,63,25.07,11.67,15.42,1.63,3,0.81,0.0,0,0,66,70
2026-02-09 14:30:00,0,14,30,66,23.61,12.11,14.87,1.59,3,0.87,0.0,0,0,70,71
2026-02-09 14:45:00,0,14,45,70,26.45,9.76,18.45,1.43,3,0.54,0.0,0,0,70,72
2026-02-09 15:00:00,0,15,0,70,28.71,7.3,24.66,1.16,3,0.19,0.0,0,0,71,77
2026-02-09 15:15:00,0,15,15,71,25.68,10.2,17.65,1.46,3,0.6,0.0,0,0,72,79
2026-02-09 15:30:00,0,15,30,72,28.37,11.25,10.66,2.66,2,0.21,3.75,1,0,77,80
2026-02-09 15:45:00,0,15,45,77,26.12,10.78,16.7,1.56,3,0.68,0.0,0,0,79,81
2026-02-09 16:00:00,0,16,0,79,21.52,9.32,19.31,1.11,3,0.47,0.0,0,0,80,80
2026-02-09 16:15:00,0,16,15,80,29.52,9.04,19.92,1.48,3,0.43,0.0,0,1,81,82
2026-02-09 16:30:00,0,16,30,81,18.94,9.6,18.75,1.01,3,0.51,0.0,0,0,80,80
2026-02-09 16:45:00,0,16,45,80,23.33,10.67,16.88,1.38,3,0.67,0.0,0,0,82,80
2026-02-09 17:00:00,0,17,0,82,16.46,7.99,22.54,0.73,3,0.28,0.0,0,0,80,82
2026-02-09 17:15:00,0,17,15,80,16.25,10.33,11.61,1.4,2,0.62,0.0,1,0,80,82
2026-02-09 17:30:00,0,17,30,80,21.45,10.7,16.83,1.27,3,0.67,0.0,0,0,82,13
2026-02-09 17:45:00,0,17,45,82,18.95,7.79,23.1,0.82,3,0.26,0.0,0,0,82,15
2026-02-10 09:00:00,1,9,0,9,28.32,9.89,18.2,1.56,3,0.56,0.0,0,0,13,17
2026-02-10 09:15:00,1,9,15,13,30.17,8.88,20.28,1.49,3,0.41,0.0,0,0,15,18
2026-02-10 09:30:00,1,9,30,15,32.99,7.79,23.11,1.43,3,0.26,0.0,0,0,17,20
2026-02-10 09:45:00,1,9,45,17,29.9,8.16,22.07,1.36,3,0.31,0.0,0,0,18,21
2026-02-10 10:00:00,1,10,0,18,31.03,8.82,20.4,1.52,3,0.4,0.0,0,0,20,23
2026-02-10 10:15:00,1,10,15,20,27.64,6.93,25.96,1.06,3,0.13,0.0,0,0,21,25
2026-02-10 10:30:00,1,10,30,21,28.56,6.89,26.14,1.09,3,0.13,0.0,0,0,23,25
2026-02-10 10:45:00,1,10,45,23,26.86,8.98,20.05,1.34,3,0.43,0.0,0,0,25,23
2026-02-10 11:00:00,1,11,0,25,17.97,11.03,16.31,1.1,3,0.21,3.57,0,0,25,19
2026-02-10 11:15:00,1,11,15,25,14.83,7.03,25.61,0.58,3,0.15,0.0,0,0,23,18
2026-02-10 11:30:00,1,11,30,23,15.92,6.9,26.1,0.61,3,0.13,0.0,0,0,19,16
2026-02-10 11:45:00,1,11,45,19,20.38,6.53,27.55,0.74,3,0.08,0.0,0,0,18,14
2026-02-10 12:00:00,1,12,0,18,14.21,10.72,16.79,0.85,3,0.07,4.22,0,0,16,13
2026-02-10 12:15:00,1,12,15,16,11.37,10.57,17.03,0.67,3,0.65,0.0,0,0,14,13
2026-02-10 12:30:00,1,12,30,14,24.63,7.87,22.88,1.08,3,0.27,0.0,0,0,13,10
2026-02-10 12:45:00,1,12,45,13,13.48,12.24,14.71,0.92,3,0.28,4.25,0,0,13,9
2026-02-10 13:00:00,1,13,0,13,10.23,6.93,25.98,0.39,3,0.13,0.0,0,0,10,6
2026-02-10 13:15:00,1,13,15,10,14.31,7.76,23.21,0.62,3,0.25,0.0,0,0,9,3
2026-02-10 13:30:00,1,13,30,9,6.39,9.9,18.19,0.35,3,0.56,0.0,0,0,6,4
2026-02-10 13:45:00,1,13,45,6,11.27,8.9,20.24,0.56,3,0.41,0.0,0,0,3,5
2026-02-10 14:00:00,1,14,0,3,20.43,9.86,18.25,1.12,3,0.55,0.0,0,0,4,2
2026-02-10 14:15:00,1,14,15,4,17.95,12.18,14.78,1.21,3,0.88,0.0,0,0,5,1
2026-02-10 14:30:00,1,14,30,5,16.53,6.5,27.71,0.6,3,0.07,0.0,0,0,2,0
2026-02-10 14:45:00,1,14,45,2,15.33,8.55,21.05,0.73,3,0.36,0.0,0,0,1,0
2026-02-10 15:00:00,1,15,0,1,19.68,7.9,22.79,0.86,3,0.27,0.0,0,0,0,1
2026-02-10 15:15:00,1,15,15,0,17.38,7.69,23.4,0.74,3,0.24,0.0,0,0,0,0
2026-02-10 15:30:00,1,15,30,0,18.38,10.26,17.54,1.05,3,0.61,0.0,0,0,1,0
2026-02-10 15:45:00,1,15,45,1,16.96,7.08,25.43,0.67,3,0.15,0.0,0,0,0,0
2026-02-10 16:00:00,1,16,0,0,14.55,8.79,20.48,0.71,3,0.4,0.0,0,0,0,0
2026-02-10 16:15:00,1,16,15,0,21.34,7.92,22.73,0.94,3,0.27,0.0,0,1,0,0
2026-02-10 16:30:00,1,16,30,0,14.89,12.83,14.03,1.06,3,0.36,4.32,0,0,0,0
2026-02-10 16:45:00,1,16,45,0,11.39,9.48,18.98,0.6,3,0.5,0.0,0,0,0,0
2026-02-10 17:00:00,1,17,0,0,11.22,9.15,19.67,0.57,3,0.45,0.0,0,0,0,0
2026-02-10 17:15:00,1,17,15,0,10.07,9.93,18.13,0.56,3,0.56,0.0,0,0,0,0
2026-02-10 17:30:00,1,17,30,0,13.61,10.92,16.49,0.83,3,0.7,0.0,0,0,0,10
2026-02-10 17:45:00,1,17,45,0,7.51,10.57,17.03,0.44,3,0.65,0.0,0,0,0,13
2026-02-11 09:00:00,2,9,0,8,27.95,8.42,21.39,1.31,3,0.35,0.0,0,0,10,16
2026-02-11 09:15:00,2,9,15,10,30.63,7.64,23.56,1.3,3,0.23,0.0,0,0,13,17
2026-02-11 09:30:00,2,9,30,13,27.05,13.45,13.38,2.02,3,0.6,3.22,0,0,16,19
2026-02-11 09:45:00,2,9,45,16,33.63,6.36,28.29,1.19,3,0.05,0.0,0,0,17,19
2026-02-11 10:00:00,2,10,0,17,28.11,8.98,20.04,1.4,3,0.43,0.0,0,0,19,22
2026-02-11 10:15:00,2,10,15,19,30.7,6.84,26.31,1.17,3,0.12,0.0,0,0,19,24
2026-02-11 10:30:00,2,10,30,19,24.79,10.86,11.05,2.24,2,0.69,0.0,1,0,22,22
2026-02-11 10:45:00,2,10,45,22,25.67,8.07,22.3,1.15,3,0.3,0.0,0,0,24,22
2026-02-11 11:00:00,2,11,0,24,18.56,7.09,25.38,0.73,3,0.16,0.0,0,0,22,22
2026-02-11 11:15:00,2,11,15,22,23.78,7.81,23.05,1.03,3,0.26,0.0,0,0,22,20
2026-02-11 11:30:00,2,11,30,22,19.41,8.34,21.59,0.9,3,0.33,0.0,0,0,22,19
2026-02-11 11:45:00,2,11,45,22,18.63,6.25,28.79,0.65,3,0.04,0.0,0,0,20,19
2026-02-11 12:00:00,2,12,0,20,17.13,9.24,12.99,1.32,2,0.46,0.0,1,0,19,17
2026-02-11 12:15:00,2,12,15,19,19.29,9.62,18.72,1.03,3,0.52,0.0,0,0,19,16
2026-02-11 12:30:00,2,12,30,19,18.3,7.92,22.73,0.81,3,0.27,0.0,0,0,17,12
2026-02-11 12:45:00,2,12,45,17,17.41,7.37,24.41,0.71,3,0.2,0.0,0,0,16,12
2026-02-11 13:00:00,2,13,0,16,6.09,9.82,18.32,0.33,3,0.55,0.0,0,0,12,8
2026-02-11 13:15:00,2,13,15,12,13.75,9.15,19.67,0.7,3,0.45,0.0,0,0,12,5
2026-02-11 13:30:00,2,13,30,12,9.04,6.44,27.94,0.32,3,0.06,0.0,0,0,8,5
2026-02-11 13:45:00,2,13,45,8,12.63,7.52,23.94,0.53,3,0.22,0.0,0,0,5,6
2026-02-11 14:00:00,2,14,0,5,17.42,6.66,18.02,0.97,2,0.09,0.0,1,0,5,6
2026-02-11 14:15:00,2,14,15,5,16.15,11.24,16.02,1.01,3,0.75,0.0,0,0,6,4
2026-02-11 14:30:00,2,14,30,6,17.11,8.61,20.92,0.82,3,0.37,0.0,0,0,6,6
2026-02-11 14:45:00,2,14,45,6,14.48,7.15,25.18,0.57,3,0.16,0.0,0,0,4,5
2026-02-11 15:00:00,2,15,0,4,18.71,12.34,14.58,1.28,3,0.25,4.61,0,0,6,3
2026-02-11 15:15:00,2,15,15,6,19.04,10.04,17.93,1.06,3,0.58,0.0,0,0,5,1
2026-02-11 15:30:00,2,15,30,5,18.31,6.46,27.87,0.66,3,0.07,0.0,0,0,3,0
2026-02-11 15:45:00,2,15,45,3,11.32,8.89,20.25,0.56,3,0.41,0.0,0,0,1,0
2026-02-11 16:00:00,2,16,0,1,13.64,7.87,22.86,0.6,3,0.27,0.0,0,0,0,4
2026-02-11 16:15:00,2,16,15,0,15.94,8.33,21.61,0.74,3,0.33,0.0,0,0,0,4
2026-02-11 16:30:00,2,16,30,0,26.56,11.19,16.09,1.65,3,0.74,0.0,0,1,4,1
2026-02-11 16:45:00,2,16,45,4,15.7,9.33,12.86,1.22,2,0.48,0.0,1,0,4,1
2026-02-11 17:00:00,2,17,0,4,7.7,9.49,18.96,0.41,3,0.08,2.9,0,0,1,0
2026-02-11 17:15:00,2,17,15,1,12.81,8.97,20.07,0.64,3,0.42,0.0,0,0,1,0
2026-02-11 17:30:00,2,17,30,1,11.92,8.85,20.34,0.59,3,0.41,0.0,0,0,0,11
2026-02-11 17:45:00,2,17,45,0,15.41,11.05,16.28,0.95,3,0.72,0.0,0,0,0,12
2026-02-12 09:00:00,3,9,0,8,31.74,8.06,22.35,1.42,3,0.29,0.0,0,0,11,14
2026-02-12 09:15:00,3,9,15,11,26.12,8.99,20.02,1.3,3,0.43,0.0,0,0,12,15
2026-02-12 09:30:00,3,9,30,12,23.63,11.06,16.27,1.45,3,0.72,0.0,0,0,14,16
2026-02-12 09:45:00,3,9,45,14,27.81,8.64,20.82,1.34,3,0.38,0.0,0,0,15,17
2026-02-12 10:00:00,3,10,0,15,28.83,7.01,17.11,1.69,2,0.14,0.0,1,0,16,17
2026-02-12 10:15:00,3,10,15,16,29.93,6.76,26.62,1.12,3,0.11,0.0,0,0,17,20
2026-02-12 10:30:00,3,10,30,17,24.22,6.35,28.34,0.85,3,0.05,0.0,0,0,17,22
2026-02-12 10:45:00,3,10,45,17,35.84,7.52,23.93,1.5,3,0.22,0.0,0,0,20,22
2026-02-12 11:00:00,3,11,0,20,21.07,9.58,18.78,1.12,3,0.51,0.0,0,0,22,21
2026-02-12 11:15:00,3,11,15,22,18.73,8.71,20.66,0.91,3,0.39,0.0,0,0,22,22
2026-02-12 11:30:00,3,11,30,22,16.45,8.46,21.27,0.77,3,0.35,0.0,0,0,21,23
2026-02-12 11:45:00,3,11,45,21,15.14,10.77,16.72,0.91,3,0.12,3.91,0,0,22,22
2026-02-12 12:00:00,3,12,0,22,34.42,8.03,22.42,1.54,3,0.29,0.0,0,1,23,23
2026-02-12 12:15:00,3,12,15,23,20.98,6.9,26.09,0.8,3,0.13,0.0,0,0,22,21
2026-02-12 12:30:00,3,12,30,22,20.68,10.44,17.24,1.2,3,0.63,0.0,0,0,23,21
2026-02-12 12:45:00,3,12,45,23,13.54,9.01,19.97,0.68,3,0.43,0.0,0,0,21,19
2026-02-12 13:00:00,3,13,0,21,14.31,7.61,15.77,0.91,2,0.23,0.0,1,0,21,16
2026-02-12 13:15:00,3,13,15,21,12.97,10.68,16.86,0.77,3,0.12,3.84,0,0,19,15
2026-02-12 13:30:00,3,13,30,19,11.59,7.62,23.62,0.49,3,0.23,0.0,0,0,16,15
2026-02-12 13:45:00,3,13,45,16,15.99,8.44,21.34,0.75,3,0.35,0.0,0,0,15,16
2026-02-12 14:00:00,3,14,0,15,17.57,9.11,19.76,0.89,3,0.44,0.0,0,0,15,13
2026-02-12 14:15:00,3,14,15,15,22.21,9.87,18.24,1.22,3,0.55,0.0,0,0,16,12
2026-02-12 14:30:00,3,14,30,16,11.6,7.26,24.8,0.47,3,0.18,0.0,0,0,13,15
2026-02-12 14:45:00,3,14,45,13,19.92,7.41,24.3,0.82,3,0.2,0.0,0,0,12,13
2026-02-12 15:00:00,3,15,0,12,19.35,12.63,9.5,2.04,2,0.51,3.08,1,0,15,15
2026-02-12 15:15:00,3,15,15,15,15.46,8.3,21.69,0.71,3,0.33,0.0,0,0,13,13
2026-02-12 15:30:00,3,15,30,13,33.42,8.51,21.15,1.58,3,0.36,0.0,0,1,15,11
2026-02-12 15:45:00,3,15,45,15,14.77,9.96,18.07,0.82,3,0.57,0.0,0,0,13,8
2026-02-12 16:00:00,3,16,0,13,8.93,10.37,17.36,0.51,3,0.62,0.0,0,0,11,11
2026-02-12 16:15:00,3,16,15,11,16.43,8.38,21.48,0.77,3,0.34,0.0,0,0,8,11
2026-02-12 16:30:00,3,16,30,8,16.18,10.64,11.28,1.43,2,0.66,0.0,1,0,11,12
2026-02-12 16:45:00,3,16,45,11,16.47,10.35,17.4,0.95,3,0.62,0.0,0,0,11,13
2026-02-12 17:00:00,3,17,0,11,16.88,9.86,18.26,0.92,3,0.55,0.0,0,0,12,9
2026-02-12 17:15:00,3,17,15,12,15.42,10.85,16.59,0.93,3,0.69,0.0,0,0,13,7
2026-02-12 17:30:00,3,17,30,13,11.31,7.57,23.78,0.48,3,0.22,0.0,0,0,9,19
2026-02-12 17:45:00,3,17,45,9,11.78,8.49,21.2,0.56,3,0.36,0.0,0,0,7,24
2026-02-13 09:00:00,4,9,0,14,31.96,10.63,16.93,1.89,3,0.66,0.0,0,0,19,25
2026-02-13 09:15:00,4,9,15,19,37.63,9.61,18.73,2.01,3,0.52,0.0,0,0,24,26
2026-02-13 09:30:00,4,9,30,24,28.01,7.78,23.13,1.21,3,0.25,0.0,0,0,25,30
2026-02-13 09:45:00,4,9,45,25,31.96,6.68,26.95,1.19,3,0.1,0.0,0,0,26,34
2026-02-13 10:00:00,4,10,0,26,32.67,9.65,18.66,1.75,3,0.52,0.0,0,0,30,36
2026-02-13 10:15:00,4,10,15,30,34.34,9.99,18.01,1.91,3,0.57,0.0,0,0,34,39
2026-02-13 10:30:00,4,10,30,34,30.11,11.06,16.28,1.85,3,0.72,0.0,0,0,36,41
2026-02-13 10:45:00,4,10,45,36,28.73,9.51,18.92,1.52,3,0.5,0.0,0,0,39,40
2026-02-13 11:00:00,4,11,0,39,25.82,9.78,18.41,1.4,3,0.54,0.0,0,0,41,41
2026-02-13 11:15:00,4,11,15,41,24.15,7.34,24.51,0.99,3,0.19,0.0,0,0,40,42
2026-02-13 11:30:00,4,11,30,40,20.65,10.6,16.98,1.22,3,0.66,0.0,0,0,41,43
2026-02-13 11:45:00,4,11,45,41,19.61,8.53,14.07,1.39,2,0.36,0.0,1,0,42,44
2026-02-13 12:00:00,4,12,0,42,26.98,7.74,23.26,1.16,3,0.25,0.0,0,0,43,49
2026-02-13 12:15:00,4,12,15,43,17.55,10.4,17.31,1.01,3,0.63,0.0,0,0,44,47
2026-02-13 12:30:00,4,12,30,44,39.49,8.37,21.51,1.84,3,0.34,0.0,0,1,49,45
2026-02-13 12:45:00,4,12,45,49,17.65,8.5,21.19,0.83,3,0.36,0.0,0,0,47,43
2026-02-13 13:00:00,4,13,0,47,9.58,9.1,19.79,0.48,3,0.44,0.0,0,0,45,41
2026-02-13 13:15:00,4,13,15,45,14.9,7.42,24.27,0.61,3,0.2,0.0,0,0,43,40
2026-02-13 13:30:00,4,13,30,43,9.47,10.78,16.69,0.57,3,0.68,0.0,0,0,41,40
2026-02-13 13:45:00,4,13,45,41,13.15,9.58,18.79,0.7,3,0.51,0.0,0,0,40,42
2026-02-13 14:00:00,4,14,0,40,18.9,8.97,20.08,0.94,3,0.42,0.0,0,0,40,41
2026-02-13 14:15:00,4,14,15,40,20.84,10.52,17.11,1.22,3,0.65,0.0,0,0,42,40
2026-02-13 14:30:00,4,14,30,42,20.59,8.28,21.75,0.95,3,0.33,0.0,0,0,41,39
2026-02-13 14:45:00,4,14,45,41,20.1,7.38,24.41,0.82,3,0.2,0.0,0,0,40,42
2026-02-13 15:00:00,4,15,0,40,22.06,8.17,22.03,1.0,3,0.31,0.0,0,0,39,40
2026-02-13 15:15:00,4,15,15,39,29.31,9.92,18.15,1.61,3,0.56,0.0,0,0,42,37
2026-02-13 15:30:00,4,15,30,42,19.01,6.64,27.11,0.7,3,0.09,0.0,0,0,40,37
2026-02-13 15:45:00,4,15,45,40,19.05,6.53,27.55,0.69,3,0.08,0.0,0,0,37,37
2026-02-13 16:00:00,4,16,0,37,21.14,8.72,20.65,1.02,3,0.39,0.0,0,0,37,35
2026-02-13 16:15:00,4,16,15,37,22.86,7.64,23.55,0.97,3,0.23,0.0,0,0,37,35
2026-02-13 16:30:00,4,16,30,37,20.4,8.37,21.51,0.95,3,0.34,0.0,0,0,35,33
2026-02-13 16:45:00,4,16,45,35,17.66,8.86,20.31,0.87,3,0.41,0.0,0,0,35,31
2026-02-13 17:00:00,4,17,0,35,16.01,9.57,18.81,0.85,3,0.51,0.0,0,0,33,35
2026-02-13 17:15:00,4,17,15,33,15.65,6.74,26.69,0.59,3,0.11,0.0,0,0,31,37
2026-02-13 17:30:00,4,17,30,31,29.19,11.27,15.97,1.83,3,0.75,0.0,0,1,35,18
2026-02-13 17:45:00,4,17,45,35,18.84,10.6,11.32,1.66,2,0.66,0.0,1,0,37,23
2026-02-16 09:00:00,0,9,0,12,33.61,17.42,10.34,3.25,3,0.93,4.91,0,0,18,28
2026-02-16 09:15:00,0,9,15,18,38.56,8.68,20.74,1.86,3,0.38,0.0,0,0,23,33
2026-02-16 09:30:00,0,9,30,23,39.55,7.39,24.36,1.62,3,0.2,0.0,0,0,28,37
2026-02-16 09:45:00,0,9,45,28,35.46,9.41,12.75,2.78,2,0.49,0.0,1,0,33,43
2026-02-16 10:00:00,0,10,0,33,43.01,8.36,21.52,2.0,3,0.34,0.0,0,0,37,46
2026-02-16 10:15:00,0,10,15,37,45.2,6.97,25.83,1.75,3,0.14,0.0,0,0,43,51
2026-02-16 10:30:00,0,10,30,43,36.06,8.02,22.43,1.61,3,0.29,0.0,0,0,46,51
2026-02-16 10:45:00,0,10,45,46,37.26,7.31,24.63,1.51,3,0.19,0.0,0,0,51,53
2026-02-16 11:00:00,0,11,0,51,19.21,7.61,23.64,0.81,3,0.23,0.0,0,0,51,57
2026-02-16 11:15:00,0,11,15,51,28.95,7.47,24.1,1.2,3,0.21,0.0,0,0,53,59
2026-02-16 11:30:00,0,11,30,53,34.1,10.53,17.1,1.99,3,0.65,0.0,0,1,57,58
2026-02-16 11:45:00,0,11,45,57,25.68,11.19,16.08,1.6,3,0.39,2.47,0,0,59,60
2026-02-16 12:00:00,0,12,0,59,25.38,7.48,24.05,1.06,3,0.21,0.0,0,0,58,66
2026-02-16 12:15:00,0,12,15,58,28.16,8.56,21.03,1.34,3,0.37,0.0,0,0,60,68
2026-02-16 12:30:00,0,12,30,60,42.35,7.23,16.6,2.55,2,0.18,0.0,1,1,66,67
2026-02-16 12:45:00,0,12,45,66,26.51,9.65,18.65,1.42,3,0.52,0.0,0,0,68,66
2026-02-16 13:00:00,0,13,0,68,17.68,7.78,23.13,0.76,3,0.25,0.0,0,0,67,66
2026-02-16 13:15:00,0,13,15,67,17.88,9.0,19.99,0.89,3,0.43,0.0,0,0,66,70
2026-02-16 13:30:00,0,13,30,66,17.16,8.44,14.21,1.21,2,0.35,0.0,1,0,66,72
2026-02-16 13:45:00,0,13,45,66,37.96,8.37,21.49,1.77,3,0.34,0.0,0,1,70,77
2026-02-16 14:00:00,0,14,0,70,21.69,9.21,19.53,1.11,3,0.46,0.0,0,0,72,78
2026-02-16 14:15:00,0,14,15,72,37.56,9.73,18.49,2.03,3,0.53,0.0,0,1,77,81
2026-02-16 14:30:00,0,14,30,77,28.84,7.15,25.18,1.15,3,0.16,0.0,0,0,78,82
2026-02-16 14:45:00,0,14,45,78,30.72,7.04,25.58,1.2,3,0.15,0.0,0,0,81,82
2026-02-16 15:00:00,0,15,0,81,24.69,7.25,24.83,0.99,3,0.18,0.0,0,0,82,83
2026-02-16 15:15:00,0,15,15,82,21.12,9.56,18.82,1.12,3,0.18,2.34,0,0,82,83
2026-02-16 15:30:00,0,15,30,82,27.31,7.62,23.61,1.16,3,0.23,0.0,0,0,83,85
2026-02-16 15:45:00,0,15,45,83,27.67,7.79,23.09,1.2,3,0.26,0.0,0,0,83,84
2026-02-16 16:00:00,0,16,0,83,22.61,9.64,12.45,1.82,2,0.52,0.0,1,0,85,84
2026-02-16 16:15:00,0,16,15,85,18.52,7.76,23.21,0.8,3,0.25,0.0,0,0,84,88
2026-02-16 16:30:00,0,16,30,84,23.17,8.97,20.08,1.15,3,0.42,0.0,0,0,84,86
2026-02-16 16:45:00,0,16,45,84,25.51,11.05,16.29,1.57,3,0.72,0.0,0,0,88,88
2026-02-16 17:00:00,0,17,0,88,15.85,8.37,21.51,0.74,3,0.34,0.0,0,0,86,89
2026-02-16 17:15:00,0,17,15,86,21.91,9.88,18.22,1.2,3,0.55,0.0,0,0,88,89
2026-02-16 17:30:00,0,17,30,88,22.43,8.7,20.69,1.08,3,0.39,0.0,0,0,89,14
2026-02-16 17:45:00,0,17,45,89,20.88,8.23,21.87,0.95,3,0.32,0.0,0,0,89,19
2026-02-17 09:00:00,1,9,0,11,32.79,9.02,19.97,1.64,3,0.43,0.0,0,0,14,22
2026-02-17 09:15:00,1,9,15,14,27.92,10.34,11.6,2.41,2,0.62,0.0,1,0,19,25
2026-02-17 09:30:00,1,9,30,19,25.61,10.35,17.39,1.47,3,0.62,0.0,0,0,22,27
2026-02-17 09:45:00,1,9,45,22,32.03,7.7,23.37,1.37,3,0.24,0.0,0,0,25,29
2026-02-17 10:00:00,1,10,0,25,28.53,9.22,19.51,1.46,3,0.46,0.0,0,0,27,31
2026-02-17 10:15:00,1,10,15,27,31.17,9.14,19.7,1.58,3,0.45,0.0,0,0,29,33
2026-02-17 10:30:00,1,10,30,29,28.03,12.15,14.82,1.89,3,0.41,3.28,0,0,31,30
2026-02-17 10:45:00,1,10,45,31,29.38,7.83,22.99,1.28,3,0.26,0.0,0,0,33,33
2026-02-17 11:00:00,1,11,0,33,13.53,7.98,22.55,0.6,3,0.28,0.0,0,0,30,34
2026-02-17 11:15:00,1,11,15,30,22.04,11.25,10.67,2.07,2,0.75,0.0,1,0,33,31
2026-02-17 11:30:00,1,11,30,33,17.8,10.29,17.49,1.02,3,0.61,0.0,0,0,34,33
2026-02-17 11:45:00,1,11,45,34,14.31,8.21,21.93,0.65,3,0.32,0.0,0,0,31,31
2026-02-17 12:00:00,1,12,0,31,21.47,11.45,15.72,1.37,3,0.78,0.0,0,0,33,27
2026-02-17 12:15:00,1,12,15,33,14.73,7.64,23.57,0.62,3,0.23,0.0,0,0,31,27
2026-02-17 12:30:00,1,12,30,31,14.53,7.1,25.37,0.57,3,0.16,0.0,0,0,27,27
2026-02-17 12:45:00,1,12,45,27,15.34,7.63,15.74,0.97,2,0.23,0.0,1,0,27,25
2026-02-17 13:00:00,1,13,0,27,12.19,11.59,15.53,0.79,3,0.8,0.0,0,0,27,21
2026-02-17 13:15:00,1,13,15,27,11.82,11.01,16.35,0.72,3,0.72,0.0,0,0,25,21
2026-02-17 13:30:00,1,13,30,25,12.97,6.75,26.67,0.49,3,0.11,0.0,0,0,21,22
2026-02-17 13:45:00,1,13,45,21,13.07,9.94,18.11,0.72,3,0.56,0.0,0,0,21,21
2026-02-17 14:00:00,1,14,0,21,19.51,11.85,10.13,1.93,2,0.84,0.0,1,0,22,25
2026-02-17 14:15:00,1,14,15,22,19.2,8.11,22.2,0.86,3,0.3,0.0,0,0,21,24
2026-02-17 14:30:00,1,14,30,21,36.79,8.84,20.37,1.81,3,0.41,0.0,0,1,25,23
2026-02-17 14:45:00,1,14,45,25,16.62,10.39,17.33,0.96,3,0.63,0.0,0,0,24,22
2026-02-17 15:00:00,1,15,0,24,20.95,8.36,21.53,0.97,3,0.34,0.0,0,0,23,21
2026-02-17 15:15:00,1,15,15,23,14.33,6.7,17.92,0.8,2,0.1,0.0,1,0,22,21
2026-02-17 15:30:00,1,15,30,22,19.51,8.95,20.11,0.97,3,0.42,0.0,0,0,21,18
2026-02-17 15:45:00,1,15,45,21,19.78,7.92,22.74,0.87,3,0.27,0.0,0,0,21,14
2026-02-17 16:00:00,1,16,0,21,15.32,6.59,27.32,0.56,3,0.08,0.0,0,0,18,15
2026-02-17 16:15:00,1,16,15,18,10.32,7.3,24.66,0.42,3,0.19,0.0,0,0,14,12
2026-02-17 16:30:00,1,16,30,14,16.98,12.29,14.65,1.16,3,0.35,3.85,0,0,15,10
2026-02-17 16:45:00,1,16,45,15,14.47,7.99,22.52,0.64,3,0.28,0.0,0,0,12,7
2026-02-17 17:00:00,1,17,0,12,11.67,8.38,21.48,0.54,3,0.34,0.0,0,0,10,8
2026-02-17 17:15:00,1,17,15,10,11.86,8.55,21.06,0.56,3,0.36,0.0,0,0,7,7
2026-02-17 17:30:00,1,17,30,7,16.39,9.2,13.05,1.26,2,0.46,0.0,1,0,8,10
2026-02-17 17:45:00,1,17,45,8,14.14,10.14,17.75,0.8,3,0.59,0.0,0,0,7,13
2026-02-18 09:00:00,2,9,0,7,31.64,9.66,18.64,1.7,3,0.52,0.0,0,0,10,13
2026-02-18 09:15:00,2,9,15,10,29.38,7.07,25.47,1.15,3,0.15,0.0,0,0,13,16
2026-02-18 09:30:00,2,9,30,13,26.84,7.71,23.34,1.15,3,0.24,0.0,0,0,13,20
2026-02-18 09:45:00,2,9,45,13,29.04,9.56,18.83,1.54,3,0.51,0.0,0,0,16,22
2026-02-18 10:00:00,2,10,0,16,31.94,8.09,14.84,2.15,2,0.3,0.0,1,0,20,26
2026-02-18 10:15:00,2,10,15,20,30.52,8.6,20.92,1.46,3,0.37,0.0,0,0,22,28
2026-02-18 10:30:00,2,10,30,22,32.33,7.92,15.16,2.13,2,0.27,0.0,1,0,26,29
2026-02-18 10:45:00,2,10,45,26,30.76,12.09,14.89,2.07,3,0.56,2.18,0,0,28,26
2026-02-18 11:00:00,2,11,0,28,18.1,11.13,16.17,1.12,3,0.73,0.0,0,0,29,27
2026-02-18 11:15:00,2,11,15,29,18.32,6.91,26.05,0.7,3,0.13,0.0,0,0,26,27
2026-02-18 11:30:00,2,11,30,26,19.4,8.44,21.32,0.91,3,0.35,0.0,0,0,27,28
2026-02-18 11:45:00,2,11,45,27,19.95,10.6,16.99,1.17,3,0.66,0.0,0,0,27,26
2026-02-18 12:00:00,2,12,0,27,16.76,7.33,16.36,1.02,2,0.19,0.0,1,0,28,27
2026-02-18 12:15:00,2,12,15,28,20.42,7.89,22.81,0.9,3,0.27,0.0,0,0,26,26
2026-02-18 12:30:00,2,12,30,26,18.15,11.68,15.41,1.18,3,0.31,3.52,0,0,27,25
2026-02-18 12:45:00,2,12,45,27,14.69,9.59,18.77,0.78,3,0.51,0.0,0,0,26,24
2026-02-18 13:00:00,2,13,0,26,21.75,7.05,25.53,0.85,3,0.15,0.0,0,1,25,23
2026-02-18 13:15:00,2,13,15,25,13.29,8.66,20.8,0.64,3,0.38,0.0,0,0,24,20
2026-02-18 13:30:00,2,13,30,24,9.58,11.42,15.76,0.61,3,0.77,0.0,0,0,23,19
2026-02-18 13:45:00,2,13,45,23,10.88,9.37,19.2,0.57,3,0.48,0.0,0,0,20,23
2026-02-18 14:00:00,2,14,0,20,19.48,8.85,20.34,0.96,3,0.41,0.0,0,0,19,21
2026-02-18 14:15:00,2,14,15,19,25.56,10.31,17.45,1.46,3,0.62,0.0,0,0,23,23
2026-02-18 14:30:00,2,14,30,23,17.45,7.56,23.82,0.73,3,0.22,0.0,0,0,21,21
2026-02-18 14:45:00,2,14,45,21,18.7,12.01,14.98,1.25,3,0.86,0.0,0,0,23,21
2026-02-18 15:00:00,2,15,0,23,13.96,8.68,20.75,0.67,3,0.38,0.0,0,0,21,21
2026-02-18 15:15:00,2,15,15,21,18.61,9.48,18.99,0.98,3,0.5,0.0,0,0,21,21
2026-02-18 15:30:00,2,15,30,21,19.24,8.14,22.11,0.87,3,0.31,0.0,0,0,21,19
2026-02-18 15:45:00,2,15,45,21,22.25,9.02,19.96,1.12,3,0.43,0.0,0,0,21,16
2026-02-18 16:00:00,2,16,0,21,16.83,7.91,22.75,0.74,3,0.27,0.0,0,0,19,15
2026-02-18 16:15:00,2,16,15,19,10.24,7.86,22.9,0.45,3,0.27,0.0,0,0,16,14
2026-02-18 16:30:00,2,16,30,16,15.16,8.42,21.38,0.71,3,0.35,0.0,0,0,15,14
2026-02-18 16:45:00,2,16,45,15,19.49,7.95,22.63,0.86,3,0.28,0.0,0,0,14,13
2026-02-18 17:00:00,2,17,0,14,15.48,8.68,20.74,0.75,3,0.38,0.0,0,0,14,12
2026-02-18 17:15:00,2,17,15,14,12.43,10.03,17.94,0.69,3,0.58,0.0,0,0,13,12
2026-02-18 17:30:00,2,17,30,13,14.69,11.12,16.19,0.91,3,0.73,0.0,0,0,12,14
2026-02-18 17:45:00,2,17,45,12,14.97,7.62,15.74,0.95,2,0.23,0.0,1,0,12,15
2026-02-19 09:00:00,3,9,0,13,31.72,7.02,25.65,1.24,3,0.15,0.0,0,0,14,20
2026-02-19 09:15:00,3,9,15,14,30.26,9.01,19.97,1.51,3,0.43,0.0,0,0,15,25
2026-02-19 09:30:00,3,9,30,15,35.09,10.58,17.02,2.06,3,0.65,0.0,0,0,20,28
2026-02-19 09:45:00,3,9,45,20,32.53,10.45,17.23,1.89,3,0.64,0.0,0,0,25,31
2026-02-19 10:00:00,3,10,0,25,29.44,9.1,19.77,1.49,3,0.44,0.0,0,0,28,34
2026-02-19 10:15:00,3,10,15,28,30.85,9.65,18.65,1.65,3,0.52,0.0,0,0,31,37
2026-02-19 10:30:00,3,10,30,31,33.49,9.8,18.37,1.82,3,0.54,0.0,0,0,34,36
2026-02-19 10:45:00,3,10,45,34,27.52,9.93,18.12,1.52,3,0.56,0.0,0,0,37,35
2026-02-19 11:00:00,3,11,0,37,17.02,9.94,18.1,0.94,3,0.56,0.0,0,0,36,33
2026-02-19 11:15:00,3,11,15,36,21.96,7.13,25.25,0.87,3,0.16,0.0,0,0,35,35
2026-02-19 11:30:00,3,11,30,35,18.75,7.23,24.91,0.75,3,0.18,0.0,0,0,33,34
2026-02-19 11:45:00,3,11,45,33,22.55,11.1,16.22,1.39,3,0.73,0.0,0,0,35,31
2026-02-19 12:00:00,3,12,0,35,15.82,9.25,19.46,0.81,3,0.46,0.0,0,0,34,31
2026-02-19 12:15:00,3,12,15,34,16.5,6.89,26.12,0.63,3,0.13,0.0,0,0,31,29
2026-02-19 12:30:00,3,12,30,31,21.24,9.4,19.16,1.11,3,0.49,0.0,0,0,31,34
2026-02-19 12:45:00,3,12,45,31,18.69,7.25,24.84,0.75,3,0.18,0.0,0,0,29,31
2026-02-19 13:00:00,3,13,0,29,29.4,9.86,12.18,2.41,2,0.55,0.0,1,1,34,28
2026-02-19 13:15:00,3,13,15,34,9.38,7.9,22.79,0.41,3,0.27,0.0,0,0,31,24
2026-02-19 13:30:00,3,13,30,31,12.79,6.29,28.6,0.45,3,0.04,0.0,0,0,28,22
2026-02-19 13:45:00,3,13,45,28,6.25,8.76,20.55,0.3,3,0.39,0.0,0,0,24,21
2026-02-19 14:00:00,3,14,0,24,17.62,7.66,23.49,0.75,3,0.24,0.0,0,0,22,21
2026-02-19 14:15:00,3,14,15,22,20.73,7.75,23.22,0.89,3,0.25,0.0,0,0,21,23
2026-02-19 14:30:00,3,14,30,21,21.19,7.29,24.68,0.86,3,0.18,0.0,0,0,21,21
2026-02-19 14:45:00,3,14,45,21,24.09,9.39,19.18,1.26,3,0.48,0.0,0,0,23,20
2026-02-19 15:00:00,3,15,0,23,18.19,9.25,19.46,0.93,3,0.46,0.0,0,0,21,20
2026-02-19 15:15:00,3,15,15,21,13.87,8.39,21.45,0.65,3,0.34,0.0,0,0,20,18
2026-02-19 15:30:00,3,15,30,20,15.99,11.87,15.17,1.05,3,0.84,0.0,0,0,20,18
2026-02-19 15:45:00,3,15,45,20,14.44,9.82,18.33,0.79,3,0.55,0.0,0,0,18,17
2026-02-19 16:00:00,3,16,0,18,16.35,11.33,15.89,1.03,3,0.76,0.0,0,0,18,16
2026-02-19 16:15:00,3,16,15,18,16.02,11.55,15.58,1.03,3,0.79,0.0,0,0,17,14
2026-02-19 16:30:00,3,16,30,17,10.85,11.65,15.46,0.7,3,0.81,0.0,0,0,16,11
2026-02-19 16:45:00,3,16,45,16,13.42,7.31,24.61,0.55,3,0.19,0.0,0,0,14,9
2026-02-19 17:00:00,3,17,0,14,14.08,6.91,26.07,0.54,3,0.13,0.0,0,0,11,9
2026-02-19 17:15:00,3,17,15,11,12.57,6.7,17.91,0.7,2,0.1,0.0,1,0,9,7
2026-02-19 17:30:00,3,17,30,9,12.92,10.02,17.96,0.72,3,0.57,0.0,0,0,9,11
2026-02-19 17:45:00,3,17,45,9,12.53,8.51,21.14,0.59,3,0.36,0.0,0,0,7,14
2026-02-20 09:00:00,4,9,0,6,31.83,7.72,15.54,2.05,2,0.25,0.0,1,0,11,19
2026-02-20 09:15:00,4,9,15,11,32.48,8.47,21.25,1.53,3,0.35,0.0,0,0,14,22
2026-02-20 09:30:00,4,9,30,14,28.39,9.4,12.77,2.22,2,0.49,0.0,1,0,19,31
2026-02-20 09:45:00,4,9,45,19,29.8,9.82,18.34,1.63,3,0.55,0.0,0,0,22,36
2026-02-20 10:00:00,4,10,0,22,48.63,11.22,16.05,3.03,3,0.75,0.0,0,1,31,38
2026-02-20 10:15:00,4,10,15,31,36.82,8.53,21.09,1.75,3,0.36,0.0,0,0,36,41
2026-02-20 10:30:00,4,10,30,36,35.06,7.63,23.6,1.49,3,0.23,0.0,0,0,38,42
2026-02-20 10:45:00,4,10,45,38,36.03,11.45,15.72,2.29,3,0.78,0.0,0,0,41,43
2026-02-20 11:00:00,4,11,0,41,19.15,11.8,15.25,1.26,3,0.83,0.0,0,0,42,44
2026-02-20 11:15:00,4,11,15,42,24.12,9.16,19.64,1.23,3,0.45,0.0,0,0,43,44
2026-02-20 11:30:00,4,11,30,43,21.49,8.5,21.17,1.02,3,0.36,0.0,0,0,44,41
2026-02-20 11:45:00,4,11,45,44,18.58,10.72,16.79,1.11,3,0.67,0.0,0,0,44,40
2026-02-20 12:00:00,4,12,0,44,19.28,6.84,26.31,0.73,3,0.12,0.0,0,0,41,46
2026-02-20 12:15:00,4,12,15,41,19.44,6.83,26.35,0.74,3,0.12,0.0,0,0,40,45
2026-02-20 12:30:00,4,12,30,40,38.83,8.18,22.01,1.76,3,0.31,0.0,0,1,46,45
2026-02-20 12:45:00,4,12,45,46,18.35,10.33,17.43,1.05,3,0.62,0.0,0,0,45,44
2026-02-20 13:00:00,4,13,0,45,15.23,6.19,19.38,0.79,2,0.03,0.0,1,0,45,43
2026-02-20 13:15:00,4,13,15,45,15.69,10.7,16.82,0.93,3,0.67,0.0,0,0,44,42
2026-02-20 13:30:00,4,13,30,44,18.81,10.07,17.88,1.05,3,0.58,0.0,0,0,43,42
2026-02-20 13:45:00,4,13,45,43,15.11,6.51,27.66,0.55,3,0.07,0.0,0,0,42,42
2026-02-20 14:00:00,4,14,0,42,22.23,8.69,20.72,1.07,3,0.38,0.0,0,0,42,43
2026-02-20 14:15:00,4,14,15,42,21.5,9.41,19.13,1.12,3,0.49,0.0,0,0,42,44
2026-02-20 14:30:00,4,14,30,42,20.1,9.65,18.65,1.08,3,0.52,0.0,0,0,43,43
2026-02-20 14:45:00,4,14,45,43,20.16,8.6,20.93,0.96,3,0.37,0.0,0,0,44,41
2026-02-20 15:00:00,4,15,0,44,19.87,7.59,23.72,0.84,3,0.23,0.0,0,0,43,38
2026-02-20 15:15:00,4,15,15,43,18.73,6.83,26.36,0.71,3,0.12,0.0,0,0,41,37
2026-02-20 15:30:00,4,15,30,41,18.41,7.61,23.64,0.78,3,0.23,0.0,0,0,38,37
2026-02-20 15:45:00,4,15,45,38,17.52,6.42,28.05,0.62,3,0.06,0.0,0,0,37,38
2026-02-20 16:00:00,4,16,0,37,18.91,9.43,19.08,0.99,3,0.49,0.0,0,0,37,42
2026-02-20 16:15:00,4,16,15,37,20.87,10.54,17.07,1.22,3,0.65,0.0,0,0,38,43
2026-02-20 16:30:00,4,16,30,38,37.23,9.76,18.45,2.02,3,0.54,0.0,0,1,42,40
2026-02-20 16:45:00,4,16,45,42,17.29,10.94,16.45,1.05,3,0.71,0.0,0,0,43,40
2026-02-20 17:00:00,4,17,0,43,9.82,10.18,17.69,0.56,3,0.6,0.0,0,0,40,39
2026-02-20 17:15:00,4,17,15,40,15.84,7.77,23.15,0.68,3,0.25,0.0,0,0,40,39
2026-02-20 17:30:00,4,17,30,40,15.18,7.92,15.14,1.0,2,0.27,0.0,1,0,39,20
2026-02-20 17:45:00,4,17,45,39,18.45,10.72,16.79,1.1,3,0.67,0.0,0,0,39,24
2026-02-23 09:00:00,0,9,0,11,59.06,8.49,21.2,2.79,3,0.36,0.0,0,1,20,28
2026-02-23 09:15:00,0,9,15,20,38.29,7.4,24.34,1.57,3,0.2,0.0,0,0,24,32
2026-02-23 09:30:00,0,9,30,24,36.99,10.42,17.28,2.14,3,0.63,0.0,0,0,28,38
2026-02-23 09:45:00,0,9,45,28,38.23,8.6,20.93,1.83,3,0.37,0.0,0,0,32,45
2026-02-23 10:00:00,0,10,0,32,41.94,8.94,20.13,2.08,3,0.42,0.0,0,0,38,48
2026-02-23 10:15:00,0,10,15,38,39.06,10.17,11.8,3.31,2,0.6,0.0,1,0,45,52
2026-02-23 10:30:00,0,10,30,45,34.41,10.62,16.94,2.03,3,0.66,0.0,0,0,48,51
2026-02-23 10:45:00,0,10,45,48,35.63,9.28,19.39,1.84,3,0.47,0.0,0,0,52,55
2026-02-23 11:00:00,0,11,0,52,25.53,7.46,24.12,1.06,3,0.21,0.0,0,0,51,56
2026-02-23 11:15:00,0,11,15,51,24.58,11.89,15.13,1.62,3,0.4,3.07,0,0,55,56
2026-02-23 11:30:00,0,11,30,55,27.18,6.98,25.79,1.05,3,0.14,0.0,0,0,56,58
2026-02-23 11:45:00,0,11,45,56,25.25,8.04,22.4,1.13,3,0.29,0.0,0,0,56,62
2026-02-23 12:00:00,0,12,0,56,25.66,9.4,19.15,1.34,3,0.49,0.0,0,0,58,62
2026-02-23 12:15:00,0,12,15,58,37.18,7.82,15.35,2.42,2,0.26,0.0,1,1,62,62
2026-02-23 12:30:00,0,12,30,62,21.93,7.98,22.57,0.97,3,0.28,0.0,0,0,62,61
2026-02-23 12:45:00,0,12,45,62,19.59,10.07,17.88,1.1,3,0.58,0.0,0,0,62,58
2026-02-23 13:00:00,0,13,0,62,19.74,7.54,23.86,0.83,3,0.22,0.0,0,0,61,58
2026-02-23 13:15:00,0,13,15,61,13.98,7.21,24.96,0.56,3,0.17,0.0,0,0,58,59
2026-02-23 13:30:00,0,13,30,58,16.73,10.06,11.93,1.4,2,0.58,0.0,1,0,58,60
2026-02-23 13:45:00,0,13,45,58,22.93,8.39,21.44,1.07,3,0.34,0.0,0,0,59,63
2026-02-23 14:00:00,0,14,0,59,27.27,7.45,24.16,1.13,3,0.21,0.0,0,0,60,65
2026-02-23 14:15:00,0,14,15,60,23.24,9.58,12.52,1.86,2,0.51,0.0,1,0,63,68
2026-02-23 14:30:00,0,14,30,63,23.7,10.28,17.52,1.35,3,0.61,0.0,0,0,65,67
2026-02-23 14:45:00,0,14,45,65,27.34,10.43,17.26,1.58,3,0.33,2.11,0,0,68,68
2026-02-23 15:00:00,0,15,0,68,24.15,6.98,25.78,0.94,3,0.14,0.0,0,0,67,68
2026-02-23 15:15:00,0,15,15,67,24.2,8.57,21.02,1.15,3,0.37,0.0,0,0,68,69
2026-02-23 15:30:00,0,15,30,68,22.76,6.56,18.3,1.24,2,0.08,0.0,1,0,68,67
2026-02-23 15:45:00,0,15,45,68,25.3,10.16,17.71,1.43,3,0.59,0.0,0,0,69,68
2026-02-23 16:00:00,0,16,0,69,18.05,8.15,22.09,0.82,3,0.31,0.0,0,0,67,74
2026-02-23 16:15:00,0,16,15,67,22.13,10.21,17.63,1.26,3,0.6,0.0,0,0,68,77
2026-02-23 16:30:00,0,16,30,68,47.17,9.52,18.9,2.5,3,0.5,0.0,0,1,74,77
2026-02-23 16:45:00,0,16,45,74,32.57,9.65,18.66,1.75,3,0.52,0.0,0,1,77,75
2026-02-23 17:00:00,0,17,0,77,20.46,7.81,23.06,0.89,3,0.26,0.0,0,0,77,75
2026-02-23 17:15:00,0,17,15,77,17.65,8.42,21.37,0.83,3,0.35,0.0,0,0,75,73
2026-02-23 17:30:00,0,17,30,75,25.67,7.06,25.5,1.01,3,0.15,0.0,0,0,75,12
2026-02-23 17:45:00,0,17,45,75,12.16,9.48,18.98,0.64,3,0.5,0.0,0,0,73,16
2026-02-24 09:00:00,1,9,0,9,26.34,8.01,22.48,1.17,3,0.29,0.0,0,0,12,20
2026-02-24 09:15:00,1,9,15,12,32.53,9.78,18.41,1.77,3,0.54,0.0,0,0,16,24
2026-02-24 09:30:00,1,9,30,16,42.71,8.25,21.81,1.96,3,0.32,0.0,0,1,20,23
2026-02-24 09:45:00,1,9,45,20,26.66,12.34,9.73,2.74,2,0.91,0.0,1,0,24,25
2026-02-24 10:00:00,1,10,0,24,29.82,7.11,25.32,1.18,3,0.16,0.0,0,0,23,27
2026-02-24 10:15:00,1,10,15,23,29.9,8.57,21.01,1.42,3,0.37,0.0,0,0,25,29
2026-02-24 10:30:00,1,10,30,25,28.61,7.58,23.74,1.21,3,0.23,0.0,0,0,27,29
2026-02-24 10:45:00,1,10,45,27,28.07,8.15,22.1,1.27,3,0.31,0.0,0,0,29,30
2026-02-24 11:00:00,1,11,0,29,20.71,7.24,24.84,0.83,3,0.18,0.0,0,0,29,28
2026-02-24 11:15:00,1,11,15,29,17.1,10.08,11.9,1.44,2,0.58,0.0,1,0,30,24
2026-02-24 11:30:00,1,11,30,30,18.85,7.52,23.92,0.79,3,0.22,0.0,0,0,28,22
2026-02-24 11:45:00,1,11,45,28,8.48,8.06,22.33,0.38,3,0.29,0.0,0,0,24,22
2026-02-24 12:00:00,1,12,0,24,18.7,7.83,22.99,0.81,3,0.26,0.0,0,0,22,22
2026-02-24 12:15:00,1,12,15,22,18.18,8.14,22.12,0.82,3,0.31,0.0,0,0,22,21
2026-02-24 12:30:00,1,12,30,22,18.77,8.78,20.5,0.92,3,0.4,0.0,0,0,22,18
2026-02-24 12:45:00,1,12,45,22,21.69,7.61,23.65,0.92,3,0.23,0.0,0,0,21,18
2026-02-24 13:00:00,1,13,0,21,11.04,7.75,23.21,0.48,3,0.25,0.0,0,0,18,20
2026-02-24 13:15:00,1,13,15,18,15.53,8.26,14.53,1.07,2,0.32,0.0,1,0,18,18
2026-02-24 13:30:00,1,13,30,18,28.62,7.07,25.47,1.12,3,0.15,0.0,0,1,20,18
2026-02-24 13:45:00,1,13,45,20,13.61,8.9,20.24,0.67,3,0.41,0.0,0,0,18,18
2026-02-24 14:00:00,1,14,0,18,27.09,7.67,23.45,1.16,3,0.24,0.0,0,1,18,16
2026-02-24 14:15:00,1,14,15,18,16.63,10.41,17.29,0.96,3,0.63,0.0,0,0,18,16
2026-02-24 14:30:00,1,14,30,18,9.47,8.69,20.71,0.46,3,0.38,0.0,0,0,16,17
2026-02-24 14:45:00,1,14,45,16,18.6,8.58,20.99,0.89,3,0.37,0.0,0,0,16,17
2026-02-24 15:00:00,1,15,0,16,18.2,11.65,15.45,1.18,3,0.81,0.0,0,0,17,18
2026-02-24 15:15:00,1,15,15,17,19.83,8.03,22.4,0.89,3,0.29,0.0,0,0,17,16
2026-02-24 15:30:00,1,15,30,17,21.55,9.86,18.26,1.18,3,0.55,0.0,0,0,18,15
2026-02-24 15:45:00,1,15,45,18,20.39,6.35,28.33,0.72,3,0.05,0.0,0,0,16,13
2026-02-24 16:00:00,1,16,0,16,11.57,9.68,18.6,0.62,3,0.17,2.52,0,0,15,13
2026-02-24 16:15:00,1,16,15,15,13.5,9.73,18.5,0.73,3,0.53,0.0,0,0,13,13
2026-02-24 16:30:00,1,16,30,13,17.01,7.33,24.54,0.69,3,0.19,0.0,0,0,13,12
2026-02-24 16:45:00,1,16,45,13,14.59,10.42,17.28,0.84,3,0.63,0.0,0,0,13,11
2026-02-24 17:00:00,1,17,0,13,10.96,9.45,19.04,0.58,3,0.49,0.0,0,0,12,7
2026-02-24 17:15:00,1,17,15,12,14.21,7.49,24.04,0.59,3,0.21,0.0,0,0,11,4
2026-02-24 17:30:00,1,17,30,11,10.61,9.54,18.86,0.56,3,0.51,0.0,0,0,7,10
2026-02-24 17:45:00,1,17,45,7,17.71,7.05,25.55,0.69,3,0.15,0.0,0,0,4,11
2026-02-25 09:00:00,2,9,0,8,30.71,7.66,23.51,1.31,3,0.24,0.0,0,0,10,13
2026-02-25 09:15:00,2,9,15,10,29.69,8.42,21.37,1.39,3,0.35,0.0,0,0,11,17
2026-02-25 09:30:00,2,9,30,11,31.82,8.06,22.34,1.42,3,0.29,0.0,0,0,13,20
2026-02-25 09:45:00,2,9,45,13,32.58,9.72,12.34,2.64,2,0.53,0.0,1,0,17,23
2026-02-25 10:00:00,2,10,0,17,29.52,8.18,22.0,1.34,3,0.31,0.0,0,0,20,24
2026-02-25 10:15:00,2,10,15,20,30.55,8.53,21.1,1.45,3,0.36,0.0,0,0,23,27
2026-02-25 10:30:00,2,10,30,23,30.1,7.2,25.0,1.2,3,0.17,0.0,0,0,24,26
2026-02-25 10:45:00,2,10,45,24,28.81,10.4,17.3,1.67,3,0.63,0.0,0,0,27,27
2026-02-25 11:00:00,2,11,0,27,17.19,10.45,17.23,1.0,3,0.64,0.0,0,0,26,24
2026-02-25 11:15:00,2,11,15,26,22.64,10.31,17.45,1.3,3,0.62,0.0,0,0,27,26
2026-02-25 11:30:00,2,11,30,27,16.26,7.34,24.51,0.66,3,0.19,0.0,0,0,24,26
2026-02-25 11:45:00,2,11,45,24,36.26,8.63,20.86,1.74,3,0.38,0.0,0,1,26,28
2026-02-25 12:00:00,2,12,0,26,17.84,9.03,19.94,0.89,3,0.43,0.0,0,0,26,29
2026-02-25 12:15:00,2,12,15,26,21.51,10.21,11.76,1.83,2,0.6,0.0,1,0,28,29
2026-02-25 12:30:00,2,12,30,28,22.24,9.05,19.9,1.12,3,0.44,0.0,0,0,29,27
2026-02-25 12:45:00,2,12,45,29,21.79,9.0,20.01,1.09,3,0.43,0.0,0,0,29,23
2026-02-25 13:00:00,2,13,0,29,12.73,10.05,17.9,0.71,3,0.58,0.0,0,0,27,20
2026-02-25 13:15:00,2,13,15,27,9.99,6.6,27.27,0.37,3,0.09,0.0,0,0,23,16
2026-02-25 13:30:00,2,13,30,23,5.76,9.9,18.18,0.32,3,0.56,0.0,0,0,20,17
2026-02-25 13:45:00,2,13,45,20,8.35,7.81,23.03,0.36,3,0.26,0.0,0,0,16,17
2026-02-25 14:00:00,2,14,0,16,21.83,9.06,19.87,1.1,3,0.44,0.0,0,0,17,16
2026-02-25 14:15:00,2,14,15,17,22.36,7.18,25.08,0.89,3,0.17,0.0,0,0,17,17
2026-02-25 14:30:00,2,14,30,17,16.08,9.85,18.27,0.88,3,0.55,0.0,0,0,16,17
2026-02-25 14:45:00,2,14,45,16,21.21,9.28,19.4,1.09,3,0.47,0.0,0,0,17,16
2026-02-25 15:00:00,2,15,0,17,18.21,10.6,16.98,1.07,3,0.66,0.0,0,0,17,14
2026-02-25 15:15:00,2,15,15,17,17.61,8.75,20.58,0.86,3,0.39,0.0,0,0,16,11
2026-02-25 15:30:00,2,15,30,16,14.25,6.8,26.47,0.54,3,0.11,0.0,0,0,14,9
2026-02-25 15:45:00,2,15,45,14,16.23,8.23,21.88,0.74,3,0.32,0.0,0,0,11,6
2026-02-25 16:00:00,2,16,0,11,17.43,7.71,23.35,0.75,3,0.24,0.0,0,0,9,1
2026-02-25 16:15:00,2,16,15,9,15.43,7.05,25.54,0.6,3,0.15,0.0,0,0,6,3
2026-02-25 16:30:00,2,16,30,6,9.58,6.46,27.86,0.34,3,0.07,0.0,0,0,1,2
2026-02-25 16:45:00,2,16,45,1,21.28,12.31,14.62,1.46,3,0.44,3.22,0,0,3,1
2026-02-25 17:00:00,2,17,0,3,15.1,8.74,20.6,0.73,3,0.39,0.0,0,0,2,0
2026-02-25 17:15:00,2,17,15,2,13.95,8.03,22.4,0.62,3,0.29,0.0,0,0,1,0
2026-02-25 17:30:00,2,17,30,1,7.63,8.95,20.11,0.38,3,0.42,0.0,0,0,0,13
2026-02-25 17:45:00,2,17,45,0,8.72,9.4,19.15,0.46,3,0.49,0.0,0,0,0,16
2026-02-26 09:00:00,3,9,0,12,23.76,10.37,17.37,1.37,3,0.62,0.0,0,0,13,17
2026-02-26 09:15:00,3,9,15,13,33.55,8.11,22.21,1.51,3,0.3,0.0,0,0,16,19
2026-02-26 09:30:00,3,9,30,16,28.0,10.07,17.87,1.57,3,0.58,0.0,0,0,17,26
2026-02-26 09:45:00,3,9,45,17,25.02,9.54,18.86,1.33,3,0.51,0.0,0,0,19,27
2026-02-26 10:00:00,3,10,0,19,49.22,10.0,18.0,2.73,3,0.57,0.0,0,1,26,29
2026-02-26 10:15:00,3,10,15,26,27.02,8.77,20.52,1.32,3,0.4,0.0,0,0,27,32
2026-02-26 10:30:00,3,10,30,27,28.5,10.54,17.07,1.67,3,0.65,0.0,0,0,29,31
2026-02-26 10:45:00,3,10,45,29,35.86,7.09,25.4,1.41,3,0.16,0.0,0,0,32,31
2026-02-26 11:00:00,3,11,0,32,15.29,7.42,24.26,0.63,3,0.2,0.0,0,0,31,31
2026-02-26 11:15:00,3,11,15,31,22.42,7.72,23.33,0.96,3,0.25,0.0,0,0,31,31
2026-02-26 11:30:00,3,11,30,31,27.2,9.02,19.95,1.36,3,0.43,0.0,0,0,31,31
2026-02-26 11:45:00,3,11,45,31,20.18,8.94,20.14,1.0,3,0.42,0.0,0,0,31,29
2026-02-26 12:00:00,3,12,0,31,16.85,8.58,20.98,0.8,3,0.37,0.0,0,0,31,31
2026-02-26 12:15:00,3,12,15,31,20.04,6.4,28.13,0.71,3,0.06,0.0,0,0,29,30
2026-02-26 12:30:00,3,12,30,29,22.37,12.8,14.06,1.59,3,0.45,3.68,0,0,31,28
2026-02-26 12:45:00,3,12,45,31,21.22,8.51,21.16,1.0,3,0.36,0.0,0,0,30,27
2026-02-26 13:00:00,3,13,0,30,7.55,8.56,21.03,0.36,3,0.37,0.0,0,0,28,24
2026-02-26 13:15:00,3,13,15,28,17.04,9.5,18.94,0.9,3,0.5,0.0,0,0,27,23
2026-02-26 13:30:00,3,13,30,27,15.3,7.26,24.79,0.62,3,0.18,0.0,0,0,24,24
2026-02-26 13:45:00,3,13,45,24,12.21,8.93,20.15,0.61,3,0.42,0.0,0,0,23,24
2026-02-26 14:00:00,3,14,0,23,30.16,10.22,17.61,1.71,3,0.6,0.0,0,1,24,28
2026-02-26 14:15:00,3,14,15,24,22.07,9.95,18.1,1.22,3,0.56,0.0,0,0,24,28
2026-02-26 14:30:00,3,14,30,24,23.03,12.26,9.79,2.35,2,0.54,2.45,1,0,28,27
2026-02-26 14:45:00,3,14,45,28,18.9,8.97,20.08,0.94,3,0.42,0.0,0,0,28,24
2026-02-26 15:00:00,3,15,0,28,16.21,8.92,20.18,0.8,3,0.42,0.0,0,0,27,26
2026-02-26 15:15:00,3,15,15,27,16.84,8.13,22.14,0.76,3,0.3,0.0,0,0,24,25
2026-02-26 15:30:00,3,15,30,24,22.66,9.94,12.07,1.88,2,0.08,3.4,1,0,26,25
2026-02-26 15:45:00,3,15,45,26,21.23,9.06,19.86,1.07,3,0.44,0.0,0,0,25,28
2026-02-26 16:00:00,3,16,0,25,15.72,7.15,25.19,0.62,3,0.16,0.0,0,0,25,26
2026-02-26 16:15:00,3,16,15,25,34.21,7.28,24.73,1.38,3,0.18,0.0,0,1,28,24
2026-02-26 16:30:00,3,16,30,28,11.17,8.07,22.31,0.5,3,0.3,0.0,0,0,26,20
2026-02-26 16:45:00,3,16,45,26,16.36,9.25,19.47,0.84,3,0.46,0.0,0,0,24,20
2026-02-26 17:00:00,3,17,0,24,11.97,6.65,18.04,0.66,2,0.09,0.0,1,0,20,18
2026-02-26 17:15:00,3,17,15,20,18.15,8.89,20.25,0.9,3,0.41,0.0,0,0,20,16
2026-02-26 17:30:00,3,17,30,20,14.62,6.55,27.46,0.53,3,0.08,0.0,0,0,18,10
2026-02-26 17:45:00,3,17,45,18,14.79,8.84,20.36,0.73,3,0.41,0.0,0,0,16,14
2026-02-27 09:00:00,4,9,0,10,28.77,6.08,29.61,0.97,3,0.01,0.0,0,0,10,15
2026-02-27 09:15:00,4,9,15,10,35.67,11.07,16.26,2.19,3,0.72,0.0,0,0,14,18
2026-02-27 09:30:00,4,9,30,14,31.78,7.06,25.5,1.25,3,0.15,0.0,0,0,15,22
2026-02-27 09:45:00,4,9,45,15,28.27,10.78,16.7,1.69,3,0.68,0.0,0,0,18,25
2026-02-27 10:00:00,4,10,0,18,31.17,11.26,15.99,1.95,3,0.75,0.0,0,0,22,30
2026-02-27 10:15:00,4,10,15,22,34.49,7.33,24.56,1.4,3,0.19,0.0,0,0,25,33
2026-02-27 10:30:00,4,10,30,25,34.29,8.88,20.27,1.69,3,0.41,0.0,0,0,30,35
2026-02-27 10:45:00,4,10,45,30,29.12,10.34,17.41,1.67,3,0.62,0.0,0,0,33,35
2026-02-27 11:00:00,4,11,0,33,24.05,9.33,19.28,1.25,3,0.48,0.0,0,0,35,34
2026-02-27 11:15:00,4,11,15,35,16.34,9.2,19.56,0.84,3,0.46,0.0,0,0,35,36
2026-02-27 11:30:00,4,11,30,35,22.04,7.65,23.53,0.94,3,0.24,0.0,0,0,34,37
2026-02-27 11:45:00,4,11,45,34,20.27,10.37,11.57,1.75,2,0.62,0.0,1,0,36,36
2026-02-27 12:00:00,4,12,0,36,26.03,9.83,18.32,1.42,3,0.55,0.0,0,0,37,39
2026-02-27 12:15:00,4,12,15,37,19.92,9.44,19.07,1.04,3,0.49,0.0,0,0,36,40
2026-02-27 12:30:00,4,12,30,36,25.04,8.06,14.88,1.68,2,0.29,0.0,1,0,39,40
2026-02-27 12:45:00,4,12,45,39,20.66,8.25,14.55,1.42,2,0.32,0.0,1,0,40,39
2026-02-27 13:00:00,4,13,0,40,16.48,13.93,12.93,1.27,3,0.49,4.53,0,0,40,39
2026-02-27 13:15:00,4,13,15,40,12.72,8.12,22.16,0.57,3,0.3,0.0,0,0,39,36
2026-02-27 13:30:00,4,13,30,39,15.41,11.35,15.86,0.97,3,0.76,0.0,0,0,39,37
2026-02-27 13:45:00,4,13,45,39,12.27,8.83,20.39,0.6,3,0.4,0.0,0,0,36,36
2026-02-27 14:00:00,4,14,0,36,19.12,11.88,15.15,1.26,3,0.84,0.0,0,0,37,36
2026-02-27 14:15:00,4,14,15,37,21.32,8.77,20.52,1.04,3,0.4,0.0,0,0,36,37
2026-02-27 14:30:00,4,14,30,36,21.15,9.49,18.96,1.12,3,0.5,0.0,0,0,36,37
2026-02-27 14:45:00,4,14,45,36,16.44,10.87,11.04,1.49,2,0.7,0.0,1,0,37,40
2026-02-27 15:00:00,4,15,0,37,17.23,10.68,16.85,1.02,3,0.67,0.0,0,0,37,42
2026-02-27 15:15:00,4,15,15,37,23.12,8.78,13.67,1.69,2,0.4,0.0,1,0,40,41
2026-02-27 15:30:00,4,15,30,40,22.81,10.38,17.35,1.31,3,0.63,0.0,0,0,42,40
2026-02-27 15:45:00,4,15,45,42,24.9,7.18,25.07,0.99,3,0.17,0.0,0,0,41,41
2026-02-27 16:00:00,4,16,0,41,13.93,9.39,19.16,0.73,3,0.48,0.0,0,0,40,43
2026-02-27 16:15:00,4,16,15,40,19.9,8.0,22.51,0.88,3,0.29,0.0,0,0,41,47
2026-02-27 16:30:00,4,16,30,41,17.36,9.43,12.73,1.36,2,0.49,0.0,1,0,43,51
2026-02-27 16:45:00,4,16,45,43,35.8,7.94,22.68,1.58,3,0.28,0.0,0,1,47,51
2026-02-27 17:00:00,4,17,0,47,19.45,10.11,11.87,1.64,2,0.59,0.0,1,0,51,49
2026-02-27 17:15:00,4,17,15,51,17.18,10.44,17.24,1.0,3,0.63,0.0,0,0,51,49
2026-02-27 17:30:00,4,17,30,51,16.52,6.74,26.69,0.62,3,0.11,0.0,0,0,49,14
2026-02-27 17:45:00,4,17,45,49,20.33,9.59,18.77,1.08,3,0.51,0.0,0,0,49,19
2026-03-02 09:00:00,0,9,0,9,34.62,13.15,13.69,2.53,3,0.47,3.85,0,0,14,23
2026-03-02 09:15:00,0,9,15,14,38.78,6.33,18.96,2.05,2,0.05,0.0,1,0,19,27
2026-03-02 09:30:00,0,9,30,19,34.86,8.87,20.29,1.72,3,0.41,0.0,0,0,23,30
2026-03-02 09:45:00,0,9,45,23,37.09,12.02,14.98,2.48,3,0.86,0.0,0,0,27,32
2026-03-02 10:00:00,0,10,0,27,36.73,9.02,19.96,1.84,3,0.43,0.0,0,0,30,35
2026-03-02 10:15:00,0,10,15,30,32.8,7.98,22.56,1.45,3,0.28,0.0,0,0,32,41
2026-03-02 10:30:00,0,10,30,32,33.71,7.61,23.64,1.43,3,0.23,0.0,0,0,35,41
2026-03-02 10:45:00,0,10,45,35,35.73,9.87,18.24,1.96,3,0.55,0.0,0,0,41,43
2026-03-02 11:00:00,0,11,0,41,28.15,8.18,22.0,1.28,3,0.31,0.0,0,0,41,44
2026-03-02 11:15:00,0,11,15,41,26.15,10.29,17.49,1.5,3,0.61,0.0,0,0,43,46
2026-03-02 11:30:00,0,11,30,43,24.93,9.66,18.63,1.34,3,0.52,0.0,0,0,44,49
2026-03-02 11:45:00,0,11,45,44,21.08,14.39,12.51,1.69,3,0.7,3.5,0,0,46,52
2026-03-02 12:00:00,0,12,0,46,24.8,9.66,12.42,2.0,2,0.52,0.0,1,0,49,54
2026-03-02 12:15:00,0,12,15,49,26.1,11.96,15.05,1.73,3,0.85,0.0,0,0,52,53
2026-03-02 12:30:00,0,12,30,52,25.31,12.24,14.71,1.72,3,0.43,3.22,0,0,54,55
2026-03-02 12:45:00,0,12,45,54,23.49,6.36,28.3,0.83,3,0.05,0.0,0,0,53,54
2026-03-02 13:00:00,0,13,0,53,24.5,10.38,17.35,1.41,3,0.63,0.0,0,0,55,59
2026-03-02 13:15:00,0,13,15,55,24.46,6.68,26.95,0.91,3,0.1,0.0,0,0,54,57
2026-03-02 13:30:00,0,13,30,54,38.04,8.0,22.5,1.69,3,0.29,0.0,0,1,59,57
2026-03-02 13:45:00,0,13,45,59,18.24,9.16,19.64,0.93,3,0.45,0.0,0,0,57,57
2026-03-02 14:00:00,0,14,0,57,22.96,9.35,19.26,1.19,3,0.48,0.0,0,0,57,59
2026-03-02 14:15:00,0,14,15,57,25.93,8.02,22.45,1.15,3,0.29,0.0,0,0,57,60
2026-03-02 14:30:00,0,14,30,57,28.46,9.83,18.3,1.56,3,0.55,0.0,0,0,59,63
2026-03-02 14:45:00,0,14,45,59,25.87,8.59,20.95,1.23,3,0.37,0.0,0,0,60,63
2026-03-02 15:00:00,0,15,0,60,26.47,10.09,17.84,1.48,3,0.58,0.0,0,0,63,62
2026-03-02 15:15:00,0,15,15,63,27.02,9.36,19.23,1.4,3,0.48,0.0,0,0,63,62
2026-03-02 15:30:00,0,15,30,63,20.07,9.7,18.56,1.08,3,0.53,0.0,0,0,62,62
2026-03-02 15:45:00,0,15,45,62,21.89,7.92,22.72,0.96,3,0.27,0.0,0,0,62,63
2026-03-02 16:00:00,0,16,0,62,19.17,10.2,17.64,1.09,3,0.6,0.0,0,0,62,60
2026-03-02 16:15:00,0,16,15,62,24.84,7.21,24.98,0.99,3,0.17,0.0,0,0,63,59
2026-03-02 16:30:00,0,16,30,63,17.88,7.76,23.21,0.77,3,0.25,0.0,0,0,60,59
2026-03-02 16:45:00,0,16,45,60,17.95,9.59,18.77,0.96,3,0.51,0.0,0,0,59,60
2026-03-02 17:00:00,0,17,0,59,16.94,9.57,18.81,0.9,3,0.51,0.0,0,0,59,58
2026-03-02 17:15:00,0,17,15,59,20.85,7.16,25.15,0.83,3,0.17,0.0,0,0,60,58
2026-03-02 17:30:00,0,17,30,60,17.85,7.43,24.21,0.74,3,0.2,0.0,0,0,58,6
2026-03-02 17:45:00,0,17,45,58,20.77,8.14,22.12,0.94,3,0.31,0.0,0,0,58,7
2026-03-03 09:00:00,1,9,0,6,25.31,7.76,23.2,1.09,3,0.25,0.0,0,0,6,16
2026-03-03 09:15:00,1,9,15,6,31.04,6.7,26.86,1.16,3,0.1,0.0,0,0,7,19
2026-03-03 09:30:00,1,9,30,7,51.92,7.83,22.99,2.26,3,0.26,0.0,0,1,16,21
2026-03-03 09:45:00,1,9,45,16,35.72,7.79,23.11,1.55,3,0.26,0.0,0,0,19,29
2026-03-03 10:00:00,1,10,0,19,30.87,8.58,20.97,1.47,3,0.37,0.0,0,0,21,32
2026-03-03 10:15:00,1,10,15,21,46.77,7.54,15.92,2.94,2,0.22,0.0,1,1,29,35
2026-03-03 10:30:00,1,10,30,29,29.55,9.46,19.02,1.55,3,0.49,0.0,0,0,32,34
2026-03-03 10:45:00,1,10,45,32,30.66,8.21,21.94,1.4,3,0.32,0.0,0,0,35,36
2026-03-03 11:00:00,1,11,0,35,20.56,9.77,18.43,1.12,3,0.54,0.0,0,0,34,35
2026-03-03 11:15:00,1,11,15,34,20.64,8.01,14.98,1.38,2,0.29,0.0,1,0,36,37
2026-03-03 11:30:00,1,11,30,36,13.9,10.01,17.99,0.77,3,0.57,0.0,0,0,35,36
2026-03-03 11:45:00,1,11,45,35,21.75,8.82,13.6,1.6,2,0.4,0.0,1,0,37,34
2026-03-03 12:00:00,1,12,0,37,13.13,8.42,14.25,0.92,2,0.35,0.0,1,0,36,35
2026-03-03 12:15:00,1,12,15,36,15.59,7.98,22.57,0.69,3,0.28,0.0,0,0,34,33
2026-03-03 12:30:00,1,12,30,34,22.76,6.22,19.28,1.18,2,0.03,0.0,1,0,35,31
2026-03-03 12:45:00,1,12,45,35,11.92,9.56,18.83,0.63,3,0.51,0.0,0,0,33,30
2026-03-03 13:00:00,1,13,0,33,13.52,8.08,22.28,0.61,3,0.3,0.0,0,0,31,28
2026-03-03 13:15:00,1,13,15,31,12.22,9.88,18.23,0.67,3,0.55,0.0,0,0,30,25
2026-03-03 13:30:00,1,13,30,30,7.66,11.6,15.52,0.49,3,0.8,0.0,0,0,28,24
2026-03-03 13:45:00,1,13,45,28,13.61,9.2,19.57,0.7,3,0.46,0.0,0,0,25,25
2026-03-03 14:00:00,1,14,0,25,19.71,6.35,28.33,0.7,3,0.05,0.0,0,0,24,21
2026-03-03 14:15:00,1,14,15,24,22.52,9.02,19.96,1.13,3,0.43,0.0,0,0,25,25
2026-03-03 14:30:00,1,14,30,25,16.72,6.34,28.38,0.59,3,0.05,0.0,0,0,21,25
2026-03-03 14:45:00,1,14,45,21,36.02,6.74,26.72,1.35,3,0.11,0.0,0,1,25,22
2026-03-03 15:00:00,1,15,0,25,18.97,9.49,18.97,1.0,3,0.5,0.0,0,0,25,23
2026-03-03 15:15:00,1,15,15,25,18.96,6.73,26.74,0.71,3,0.1,0.0,0,0,22,21
2026-03-03 15:30:00,1,15,30,22,19.06,8.84,13.58,1.4,2,0.41,0.0,1,0,23,24
2026-03-03 15:45:00,1,15,45,23,20.93,7.81,23.06,0.91,3,0.26,0.0,0,0,21,21
2026-03-03 16:00:00,1,16,0,21,29.91,10.67,16.88,1.77,3,0.67,0.0,0,1,24,17
2026-03-03 16:15:00,1,16,15,24,13.44,7.03,25.61,0.52,3,0.15,0.0,0,0,21,14
2026-03-03 16:30:00,1,16,30,21,15.64,6.7,26.85,0.58,3,0.1,0.0,0,0,17,11
2026-03-03 16:45:00,1,16,45,17,12.34,7.01,25.68,0.48,3,0.14,0.0,0,0,14,8
2026-03-03 17:00:00,1,17,0,14,10.76,7.9,22.8,0.47,3,0.27,0.0,0,0,11,9
2026-03-03 17:15:00,1,17,15,11,16.7,6.66,27.04,0.62,3,0.09,0.0,0,0,8,7
2026-03-03 17:30:00,1,17,30,8,12.62,11.95,15.07,0.84,3,0.46,2.73,0,0,9,8
2026-03-03 17:45:00,1,17,45,9,12.49,11.08,16.24,0.77,3,0.73,0.0,0,0,7,13
2026-03-04 09:00:00,2,9,0,8,28.16,8.5,21.18,1.33,3,0.36,0.0,0,0,8,13
2026-03-04 09:15:00,2,9,15,8,32.46,12.5,14.4,2.25,3,0.38,3.86,0,0,13,19
2026-03-04 09:30:00,2,9,30,13,30.98,7.38,24.38,1.27,3,0.2,0.0,0,0,13,20
2026-03-04 09:45:00,2,9,45,13,41.69,7.81,23.04,1.81,3,0.26,0.0,0,1,19,23
2026-03-04 10:00:00,2,10,0,19,29.07,7.48,24.07,1.21,3,0.21,0.0,0,0,20,23
2026-03-04 10:15:00,2,10,15,20,29.79,8.83,20.39,1.46,3,0.4,0.0,0,0,23,28
2026-03-04 10:30:00,2,10,30,23,30.52,6.67,26.97,1.13,3,0.1,0.0,0,0,23,24
2026-03-04 10:45:00,2,10,45,23,29.73,9.59,12.52,2.37,2,0.51,0.0,1,0,28,23
2026-03-04 11:00:00,2,11,0,28,16.8,6.25,28.8,0.58,3,0.04,0.0,0,0,24,22
2026-03-04 11:15:00,2,11,15,24,22.08,7.62,23.62,0.93,3,0.23,0.0,0,0,23,21
2026-03-04 11:30:00,2,11,30,23,17.15,8.16,22.05,0.78,3,0.31,0.0,0,0,22,22
2026-03-04 11:45:00,2,11,45,22,20.68,8.94,20.14,1.03,3,0.42,0.0,0,0,21,21
2026-03-04 12:00:00,2,12,0,21,16.87,9.42,19.12,0.88,3,0.49,0.0,0,0,22,19
2026-03-04 12:15:00,2,12,15,22,18.05,6.7,26.88,0.67,3,0.1,0.0,0,0,21,19
2026-03-04 12:30:00,2,12,30,21,16.75,8.07,22.3,0.75,3,0.3,0.0,0,0,19,15
2026-03-04 12:45:00,2,12,45,19,19.51,9.61,18.73,1.04,3,0.52,0.0,0,0,19,13
2026-03-04 13:00:00,2,13,0,19,13.38,6.88,26.16,0.51,3,0.13,0.0,0,0,15,9
2026-03-04 13:15:00,2,13,15,15,13.21,7.11,25.3,0.52,3,0.16,0.0,0,0,13,8
2026-03-04 13:30:00,2,13,30,13,12.25,7.66,23.5,0.52,3,0.24,0.0,0,0,9,8
2026-03-04 13:45:00,2,13,45,9,14.14,9.66,18.64,0.76,3,0.1,2.96,0,0,8,7
2026-03-04 14:00:00,2,14,0,8,19.67,9.44,19.07,1.03,3,0.49,0.0,0,0,8,4
2026-03-04 14:15:00,2,14,15,8,21.57,6.36,28.32,0.76,3,0.05,0.0,0,0,7,5
2026-03-04 14:30:00,2,14,30,7,11.26,7.81,23.04,0.49,3,0.26,0.0,0,0,4,4
2026-03-04 14:45:00,2,14,45,4,19.21,9.28,19.39,0.99,3,0.47,0.0,0,0,5,2
2026-03-04 15:00:00,2,15,0,5,15.92,8.66,20.78,0.77,3,0.38,0.0,0,0,4,4
2026-03-04 15:15:00,2,15,15,4,16.39,7.48,24.07,0.68,3,0.21,0.0,0,0,2,2
2026-03-04 15:30:00,2,15,30,2,24.43,10.6,16.98,1.44,3,0.66,0.0,0,0,4,0
2026-03-04 15:45:00,2,15,45,4,19.71,7.22,24.91,0.79,3,0.17,0.0,0,0,2,0
2026-03-04 16:00:00,2,16,0,2,11.66,6.48,27.76,0.42,3,0.07,0.0,0,0,0,0
2026-03-04 16:15:00,2,16,15,0,12.76,7.22,24.92,0.51,3,0.17,0.0,0,0,0,0
2026-03-04 16:30:00,2,16,30,0,13.61,7.57,23.77,0.57,3,0.22,0.0,0,0,0,5
2026-03-04 16:45:00,2,16,45,0,20.99,8.45,21.29,0.99,3,0.35,0.0,0,0,0,3
2026-03-04 17:00:00,2,17,0,0,31.81,12.13,14.84,2.14,3,0.88,0.0,0,1,5,3
2026-03-04 17:15:00,2,17,15,5,15.17,8.03,22.41,0.68,3,0.29,0.0,0,0,3,2
2026-03-04 17:30:00,2,17,30,3,18.46,8.5,21.17,0.87,3,0.36,0.0,0,0,3,7
2026-03-04 17:45:00,2,17,45,3,14.59,10.61,16.96,0.86,3,0.66,0.0,0,0,2,13
2026-03-05 09:00:00,3,9,0,5,27.1,9.52,18.9,1.43,3,0.5,0.0,0,0,7,15
2026-03-05 09:15:00,3,9,15,7,34.74,9.81,18.35,1.89,3,0.54,0.0,0,0,13,18
2026-03-05 09:30:00,3,9,30,13,27.4,10.0,17.99,1.52,3,0.57,0.0,0,0,15,21
2026-03-05 09:45:00,3,9,45,15,37.36,9.18,19.61,1.91,3,0.45,0.0,0,0,18,24
2026-03-05 10:00:00,3,10,0,18,30.43,10.07,17.87,1.7,3,0.58,0.0,0,0,21,27
2026-03-05 10:15:00,3,10,15,21,30.57,7.98,22.56,1.36,3,0.28,0.0,0,0,24,30
2026-03-05 10:30:00,3,10,30,24,32.69,9.3,19.36,1.69,3,0.47,0.0,0,0,27,29
2026-03-05 10:45:00,3,10,45,27,30.43,6.73,26.74,1.14,3,0.1,0.0,0,0,30,27
2026-03-05 11:00:00,3,11,0,30,11.51,9.98,18.03,0.64,3,0.57,0.0,0,0,29,26
2026-03-05 11:15:00,3,11,15,29,25.5,6.7,26.85,0.95,3,0.1,0.0,0,1,27,28
2026-03-05 11:30:00,3,11,30,27,15.0,10.37,17.36,0.86,3,0.62,0.0,0,0,26,28
2026-03-05 11:45:00,3,11,45,26,19.44,9.43,12.72,1.53,2,0.49,0.0,1,0,28,28
2026-03-05 12:00:00,3,12,0,28,19.83,9.26,19.44,1.02,3,0.47,0.0,0,0,28,29
2026-03-05 12:15:00,3,12,15,28,18.41,6.92,17.35,1.06,2,0.13,0.0,1,0,28,29
2026-03-05 12:30:00,3,12,30,28,24.59,8.96,20.08,1.22,3,0.42,0.0,0,0,29,28
2026-03-05 12:45:00,3,12,45,29,19.64,8.61,20.9,0.94,3,0.37,0.0,0,0,29,31
2026-03-05 13:00:00,3,13,0,29,12.09,9.38,19.18,0.63,3,0.48,0.0,0,0,28,31
2026-03-05 13:15:00,3,13,15,28,35.01,7.74,23.25,1.51,3,0.25,0.0,0,1,31,31
2026-03-05 13:30:00,3,13,30,31,19.0,10.98,16.39,1.16,3,0.71,0.0,0,0,31,31
2026-03-05 13:45:00,3,13,45,31,15.03,10.99,16.37,0.92,3,0.71,0.0,0,0,31,33
2026-03-05 14:00:00,3,14,0,31,21.01,9.58,18.79,1.12,3,0.51,0.0,0,0,31,31
2026-03-05 14:15:00,3,14,15,31,22.12,12.62,14.27,1.55,3,0.25,4.86,0,0,33,32
2026-03-05 14:30:00,3,14,30,33,9.17,8.8,20.46,0.45,3,0.4,0.0,0,0,31,32
2026-03-05 14:45:00,3,14,45,31,16.43,7.37,16.27,1.01,2,0.2,0.0,1,0,32,31
2026-03-05 15:00:00,3,15,0,32,13.19,11.36,15.84,0.83,3,0.32,3.1,0,0,32,32
2026-03-05 15:15:00,3,15,15,32,19.08,8.33,21.6,0.88,3,0.33,0.0,0,0,31,30
2026-03-05 15:30:00,3,15,30,31,22.14,8.44,21.33,1.04,3,0.35,0.0,0,0,32,29
2026-03-05 15:45:00,3,15,45,32,12.41,8.05,22.37,0.55,3,0.29,0.0,0,0,30,27
2026-03-05 16:00:00,3,16,0,30,14.85,7.46,16.09,0.92,2,0.21,0.0,1,0,29,27
2026-03-05 16:15:00,3,16,15,29,15.75,8.32,21.64,0.73,3,0.33,0.0,0,0,27,26
2026-03-05 16:30:00,3,16,30,27,20.16,8.99,20.02,1.01,3,0.43,0.0,0,0,27,27
2026-03-05 16:45:00,3,16,45,27,13.46,9.79,18.38,0.73,3,0.54,0.0,0,0,26,27
2026-03-05 17:00:00,3,17,0,26,12.13,9.37,12.81,0.95,2,0.48,0.0,1,0,27,28
2026-03-05 17:15:00,3,17,15,27,16.54,9.62,18.72,0.88,3,0.52,0.0,0,0,27,33
2026-03-05 17:30:00,3,17,30,27,17.82,8.33,21.6,0.83,3,0.33,0.0,0,0,28,11
2026-03-05 17:45:00,3,17,45,28,34.39,11.69,15.4,2.23,3,0.81,0.0,0,1,33,15
2026-03-06 09:00:00,4,9,0,6,31.87,9.32,12.87,2.48,2,0.47,0.0,1,0,11,22
2026-03-06 09:15:00,4,9,15,11,33.09,9.34,12.85,2.57,2,0.48,0.0,1,0,15,26
2026-03-06 09:30:00,4,9,30,15,34.53,9.44,12.71,2.72,2,0.49,0.0,1,0,22,33
2026-03-06 09:45:00,4,9,45,22,37.31,8.38,21.47,1.74,3,0.34,0.0,0,0,26,39
2026-03-06 10:00:00,4,10,0,26,37.22,8.88,13.51,2.76,2,0.41,0.0,1,0,33,43
2026-03-06 10:15:00,4,10,15,33,44.98,8.08,22.28,2.02,3,0.3,0.0,0,1,39,47
2026-03-06 10:30:00,4,10,30,39,35.43,9.01,19.98,1.77,3,0.09,2.36,0,0,43,49
2026-03-06 10:45:00,4,10,45,43,35.04,9.13,13.14,2.67,2,0.45,0.0,1,0,47,48
2026-03-06 11:00:00,4,11,0,47,30.61,8.16,22.05,1.39,3,0.31,0.0,0,1,49,48
2026-03-06 11:15:00,4,11,15,49,21.27,8.12,22.17,0.96,3,0.3,0.0,0,0,48,47
2026-03-06 11:30:00,4,11,30,48,19.43,9.8,18.36,1.06,3,0.54,0.0,0,0,48,45
2026-03-06 11:45:00,4,11,45,48,14.33,11.84,15.21,0.94,3,0.83,0.0,0,0,47,48
2026-03-06 12:00:00,4,12,0,47,19.89,6.57,27.41,0.73,3,0.08,0.0,0,0,45,48
2026-03-06 12:15:00,4,12,15,45,37.22,8.06,22.33,1.67,3,0.29,0.0,0,1,48,45
2026-03-06 12:30:00,4,12,30,48,20.33,8.34,21.58,0.94,3,0.33,0.0,0,0,48,44
2026-03-06 12:45:00,4,12,45,48,18.26,7.15,25.17,0.73,3,0.16,0.0,0,0,45,43
2026-03-06 13:00:00,4,13,0,45,13.17,7.99,22.52,0.58,3,0.28,0.0,0,0,44,44
2026-03-06 13:15:00,4,13,15,44,13.78,8.5,21.17,0.65,3,0.36,0.0,0,0,43,44
2026-03-06 13:30:00,4,13,30,43,22.87,8.28,21.73,1.05,3,0.33,0.0,0,0,44,44
2026-03-06 13:45:00,4,13,45,44,14.93,10.24,17.57,0.85,3,0.61,0.0,0,0,44,47
2026-03-06 14:00:00,4,14,0,44,17.25,11.4,15.78,1.09,3,0.77,0.0,0,0,44,48
2026-03-06 14:15:00,4,14,15,44,21.55,10.73,11.18,1.93,2,0.68,0.0,1,0,47,49
2026-03-06 14:30:00,4,14,30,47,23.53,7.59,23.71,0.99,3,0.23,0.0,0,0,48,47
2026-03-06 14:45:00,4,14,45,48,20.99,11.44,15.73,1.33,3,0.78,0.0,0,0,49,45
2026-03-06 15:00:00,4,15,0,49,18.25,7.72,23.31,0.78,3,0.25,0.0,0,0,47,47
2026-03-06 15:15:00,4,15,15,47,21.74,7.64,23.56,0.92,3,0.23,0.0,0,0,45,49
2026-03-06 15:30:00,4,15,30,45,18.35,9.3,19.34,0.95,3,0.47,0.0,0,0,47,46
2026-03-06 15:45:00,4,15,45,47,18.24,14.53,12.39,1.47,3,0.62,4.16,0,0,49,49
2026-03-06 16:00:00,4,16,0,49,19.03,8.22,21.9,0.87,3,0.32,0.0,0,0,46,47
2026-03-06 16:15:00,4,16,15,46,27.79,9.69,18.57,1.5,3,0.53,0.0,0,1,49,47
2026-03-06 16:30:00,4,16,30,49,11.0,9.54,18.87,0.58,3,0.51,0.0,0,0,47,50
2026-03-06 16:45:00,4,16,45,47,12.82,10.4,11.54,1.11,2,0.63,0.0,1,0,47,49
2026-03-06 17:00:00,4,17,0,47,33.23,8.48,21.23,1.57,3,0.35,0.0,0,1,50,50
2026-03-06 17:15:00,4,17,15,50,16.86,8.01,22.48,0.75,3,0.29,0.0,0,0,49,48
2026-03-06 17:30:00,4,17,30,49,18.21,10.94,16.45,1.11,3,0.71,0.0,0,0,50,10
2026-03-06 17:45:00,4,17,45,50,13.65,8.61,20.92,0.65,3,0.37,0.0,0,0,48,13
2026-03-09 09:00:00,0,9,0,7,34.29,9.61,18.74,1.83,3,0.52,0.0,0,0,10,19
2026-03-09 09:15:00,0,9,15,10,39.3,6.81,26.44,1.49,3,0.12,0.0,0,0,13,25
2026-03-09 09:30:00,0,9,30,13,39.08,10.73,16.77,2.33,3,0.68,0.0,0,0,19,29
2026-03-09 09:45:00,0,9,45,19,39.16,8.75,20.57,1.9,3,0.39,0.0,0,0,25,33
2026-03-09 10:00:00,0,10,0,25,38.25,8.87,20.29,1.89,3,0.41,0.0,0,0,29,40
2026-03-09 10:15:00,0,10,15,29,39.41,6.5,27.69,1.42,3,0.07,0.0,0,0,33,45
2026-03-09 10:30:00,0,10,30,33,47.97,6.6,18.19,2.64,2,0.09,0.0,1,1,40,48
2026-03-09 10:45:00,0,10,45,40,38.08,8.92,20.18,1.89,3,0.42,0.0,0,0,45,52
2026-03-09 11:00:00,0,11,0,45,29.66,11.45,15.72,1.89,3,0.78,0.0,0,0,48,54
2026-03-09 11:15:00,0,11,15,48,40.6,7.29,24.7,1.64,3,0.18,0.0,0,1,52,57
2026-03-09 11:30:00,0,11,30,52,27.97,9.46,19.04,1.47,3,0.49,0.0,0,0,54,64
2026-03-09 11:45:00,0,11,45,54,24.42,8.45,21.31,1.15,3,0.35,0.0,0,0,57,72
2026-03-09 12:00:00,0,12,0,57,42.15,8.67,20.76,2.03,3,0.38,0.0,0,1,64,71
2026-03-09 12:15:00,0,12,15,64,50.62,9.17,19.62,2.58,3,0.45,0.0,0,1,72,73
2026-03-09 12:30:00,0,12,30,72,25.85,7.3,24.67,1.05,3,0.19,0.0,0,0,71,73
2026-03-09 12:45:00,0,12,45,71,26.18,8.74,20.59,1.27,3,0.39,0.0,0,0,73,74
2026-03-09 13:00:00,0,13,0,73,17.74,11.25,16.0,1.11,3,0.75,0.0,0,0,73,75
2026-03-09 13:15:00,0,13,15,73,19.87,7.38,24.39,0.81,3,0.2,0.0,0,0,74,73
2026-03-09 13:30:00,0,13,30,74,22.35,11.05,16.28,1.37,3,0.72,0.0,0,0,75,73
2026-03-09 13:45:00,0,13,45,75,15.0,7.43,24.22,0.62,3,0.2,0.0,0,0,73,79
2026-03-09 14:00:00,0,14,0,73,25.33,7.27,24.75,1.02,3,0.18,0.0,0,0,73,82
2026-03-09 14:15:00,0,14,15,73,43.47,10.78,16.69,2.6,3,0.68,0.0,0,1,79,83
2026-03-09 14:30:00,0,14,30,79,27.62,7.44,16.12,1.71,2,0.21,0.0,1,0,82,83
2026-03-09 14:45:00,0,14,45,82,25.88,7.88,22.83,1.13,3,0.27,0.0,0,0,83,84
2026-03-09 15:00:00,0,15,0,83,28.31,7.59,23.71,1.19,3,0.23,0.0,0,0,83,84
2026-03-09 15:15:00,0,15,15,83,24.47,10.03,17.95,1.36,3,0.58,0.0,0,0,84,83
2026-03-09 15:30:00,0,15,30,84,28.96,6.89,26.13,1.11,3,0.13,0.0,0,0,84,83
2026-03-09 15:45:00,0,15,45,84,23.71,9.32,19.31,1.23,3,0.47,0.0,0,0,83,84
2026-03-09 16:00:00,0,16,0,83,17.52,10.68,16.86,1.04,3,0.67,0.0,0,0,83,84
2026-03-09 16:15:00,0,16,15,83,20.44,11.59,15.53,1.32,3,0.8,0.0,0,0,84,84
2026-03-09 16:30:00,0,16,30,84,20.53,7.32,24.58,0.84,3,0.19,0.0,0,0,84,82
2026-03-09 16:45:00,0,16,45,84,23.97,8.89,20.24,1.18,3,0.41,0.0,0,0,84,84
2026-03-09 17:00:00,0,17,0,84,15.27,7.47,24.09,0.63,3,0.21,0.0,0,0,82,83
2026-03-09 17:15:00,0,17,15,82,24.55,7.48,24.05,1.02,3,0.21,0.0,0,0,84,85
2026-03-09 17:30:00,0,17,30,84,17.74,10.94,16.45,1.08,3,0.71,0.0,0,0,83,12
2026-03-09 17:45:00,0,17,45,83,25.0,8.6,20.92,1.2,3,0.37,0.0,0,0,85,14
2026-03-10 09:00:00,1,9,0,10,29.87,11.11,16.2,1.84,3,0.73,0.0,0,0,12,17
2026-03-10 09:15:00,1,9,15,12,29.39,6.87,17.48,1.68,2,0.12,0.0,1,0,14,18
2026-03-10 09:30:00,1,9,30,14,30.81,11.42,15.76,1.96,3,0.77,0.0,0,0,17,19
2026-03-10 09:45:00,1,9,45,17,29.47,7.08,25.43,1.16,3,0.15,0.0,0,0,18,22
2026-03-10 10:00:00,1,10,0,18,29.19,7.11,25.33,1.15,3,0.16,0.0,0,0,19,26
2026-03-10 10:15:00,1,10,15,19,25.02,8.22,21.9,1.14,3,0.32,0.0,0,0,22,26
2026-03-10 10:30:00,1,10,30,22,31.4,12.25,14.69,2.14,3,0.89,0.0,0,0,26,21
2026-03-10 10:45:00,1,10,45,26,24.3,8.11,22.21,1.09,3,0.3,0.0,0,0,26,21
2026-03-10 11:00:00,1,11,0,26,15.39,6.15,29.27,0.53,3,0.02,0.0,0,0,21,20
2026-03-10 11:15:00,1,11,15,21,19.08,10.24,17.58,1.09,3,0.61,0.0,0,0,21,22
2026-03-10 11:30:00,1,11,30,21,15.4,6.19,19.37,0.8,2,0.03,0.0,1,0,20,20
2026-03-10 11:45:00,1,11,45,20,20.01,15.96,11.28,1.77,3,0.88,3.83,0,0,22,21
2026-03-10 12:00:00,1,12,0,22,14.3,7.33,24.55,0.58,3,0.19,0.0,0,0,20,20
2026-03-10 12:15:00,1,12,15,20,16.25,10.28,17.51,0.93,3,0.61,0.0,0,0,21,21
2026-03-10 12:30:00,1,12,30,21,21.43,9.39,19.16,1.12,3,0.48,0.0,0,0,20,21
2026-03-10 12:45:00,1,12,45,20,15.39,12.13,14.84,1.04,3,0.88,0.0,0,0,21,19
2026-03-10 13:00:00,1,13,0,21,25.46,7.01,25.66,0.99,3,0.14,0.0,0,1,21,16
2026-03-10 13:15:00,1,13,15,21,5.59,8.87,13.53,0.41,2,0.41,0.0,1,0,19,19
2026-03-10 13:30:00,1,13,30,19,11.44,6.89,26.12,0.44,3,0.13,0.0,0,0,16,20
2026-03-10 13:45:00,1,13,45,16,22.8,10.32,17.45,1.31,3,0.62,0.0,0,1,19,18
2026-03-10 14:00:00,1,14,0,19,19.02,9.61,18.73,1.02,3,0.52,0.0,0,0,20,18
2026-03-10 14:15:00,1,14,15,20,17.3,7.72,23.33,0.74,3,0.25,0.0,0,0,18,19
2026-03-10 14:30:00,1,14,30,18,20.01,7.88,22.84,0.88,3,0.27,0.0,0,0,18,17
2026-03-10 14:45:00,1,14,45,18,19.02,10.66,16.88,1.13,3,0.67,0.0,0,0,19,18
2026-03-10 15:00:00,1,15,0,19,16.19,8.06,22.33,0.73,3,0.29,0.0,0,0,17,19
2026-03-10 15:15:00,1,15,15,17,17.76,13.21,13.62,1.3,3,0.34,4.8,0,0,18,17
2026-03-10 15:30:00,1,15,30,18,20.58,10.14,17.75,1.16,3,0.59,0.0,0,0,19,15
2026-03-10 15:45:00,1,15,45,19,19.94,8.83,20.38,0.98,3,0.4,0.0,0,0,17,14
2026-03-10 16:00:00,1,16,0,17,18.27,9.33,19.29,0.95,3,0.48,0.0,0,0,15,15
2026-03-10 16:15:00,1,16,15,15,11.13,9.37,19.21,0.58,3,0.48,0.0,0,0,14,13
2026-03-10 16:30:00,1,16,30,14,21.23,9.75,18.46,1.15,3,0.54,0.0,0,0,15,12
2026-03-10 16:45:00,1,16,45,15,8.8,10.23,17.6,0.5,3,0.6,0.0,0,0,13,10
2026-03-10 17:00:00,1,17,0,13,13.55,9.1,19.78,0.69,3,0.44,0.0,0,0,12,10
2026-03-10 17:15:00,1,17,15,12,11.15,8.5,21.17,0.53,3,0.36,0.0,0,0,10,8
2026-03-10 17:30:00,1,17,30,10,11.86,9.35,19.25,0.62,3,0.48,0.0,0,0,10,6
2026-03-10 17:45:00,1,17,45,10,11.56,11.55,15.58,0.74,3,0.79,0.0,0,0,8,10
2026-03-11 09:00:00,2,9,0,5,24.52,8.48,21.22,1.16,3,0.35,0.0,0,0,6,15
2026-03-11 09:15:00,2,9,15,6,30.91,8.83,13.59,2.27,2,0.4,0.0,1,0,10,19
2026-03-11 09:30:00,2,9,30,10,31.28,11.53,10.4,3.01,2,0.79,0.0,1,0,15,25
2026-03-11 09:45:00,2,9,45,15,28.98,11.46,15.71,1.85,3,0.78,0.0,0,0,19,30
2026-03-11 10:00:00,2,10,0,19,33.47,9.98,12.02,2.78,2,0.57,0.0,1,0,25,30
2026-03-11 10:15:00,2,10,15,25,31.62,10.08,17.86,1.77,3,0.58,0.0,0,0,30,31
2026-03-11 10:30:00,2,10,30,30,25.29,6.79,26.52,0.95,3,0.11,0.0,0,0,30,34
2026-03-11 10:45:00,2,10,45,30,32.23,7.33,24.56,1.31,3,0.19,0.0,0,0,31,35
2026-03-11 11:00:00,2,11,0,31,21.2,8.61,13.94,1.52,2,0.37,0.0,1,0,34,38
2026-03-11 11:15:00,2,11,15,34,14.18,9.93,12.09,1.17,2,0.56,0.0,1,0,35,37
2026-03-11 11:30:00,2,11,30,35,17.58,10.76,11.15,1.58,2,0.68,0.0,1,0,38,36
2026-03-11 11:45:00,2,11,45,38,18.73,7.37,24.41,0.77,3,0.2,0.0,0,0,37,33
2026-03-11 12:00:00,2,12,0,37,21.15,7.26,24.78,0.85,3,0.18,0.0,0,0,36,31
2026-03-11 12:15:00,2,12,15,36,15.38,7.93,22.71,0.68,3,0.28,0.0,0,0,33,30
2026-03-11 12:30:00,2,12,30,33,15.55,10.29,17.49,0.89,3,0.61,0.0,0,0,31,28
2026-03-11 12:45:00,2,12,45,31,19.48,9.01,19.99,0.97,3,0.43,0.0,0,0,30,28
2026-03-11 13:00:00,2,13,0,30,7.83,7.65,15.69,0.5,2,0.24,0.0,1,0,28,25
2026-03-11 13:15:00,2,13,15,28,13.48,10.84,16.61,0.81,3,0.69,0.0,0,0,28,19
2026-03-11 13:30:00,2,13,30,28,14.08,6.29,28.62,0.49,3,0.04,0.0,0,0,25,17
2026-03-11 13:45:00,2,13,45,25,5.38,6.71,26.84,0.2,3,0.1,0.0,0,0,19,16
2026-03-11 14:00:00,2,14,0,19,15.25,8.65,20.8,0.73,3,0.38,0.0,0,0,17,18
2026-03-11 14:15:00,2,14,15,17,17.15,7.91,22.76,0.75,3,0.27,0.0,0,0,16,16
2026-03-11 14:30:00,2,14,30,16,22.19,9.7,18.57,1.2,3,0.53,0.0,0,0,18,16
2026-03-11 14:45:00,2,14,45,18,16.13,8.27,21.78,0.74,3,0.32,0.0,0,0,16,15
2026-03-11 15:00:00,2,15,0,16,17.67,10.78,16.7,1.06,3,0.05,4.39,0,0,16,12
2026-03-11 15:15:00,2,15,15,16,18.37,7.41,24.31,0.76,3,0.2,0.0,0,0,15,9
2026-03-11 15:30:00,2,15,30,15,16.55,7.54,23.88,0.69,3,0.22,0.0,0,0,12,8
2026-03-11 15:45:00,2,15,45,12,13.67,8.8,20.46,0.67,3,0.4,0.0,0,0,9,6
2026-03-11 16:00:00,2,16,0,9,13.26,7.44,24.18,0.55,3,0.21,0.0,0,0,8,5
2026-03-11 16:15:00,2,16,15,8,16.09,8.62,20.89,0.77,3,0.37,0.0,0,0,6,5
2026-03-11 16:30:00,2,16,30,6,14.95,10.57,17.03,0.88,3,0.65,0.0,0,0,5,2
2026-03-11 16:45:00,2,16,45,5,17.53,9.9,18.18,0.96,3,0.56,0.0,0,0,5,0
2026-03-11 17:00:00,2,17,0,5,15.52,6.13,29.35,0.53,3,0.02,0.0,0,0,2,0
2026-03-11 17:15:00,2,17,15,2,10.45,8.63,20.87,0.5,3,0.38,0.0,0,0,0,0
2026-03-11 17:30:00,2,17,30,0,14.82,10.58,17.02,0.87,3,0.65,0.0,0,0,0,14
2026-03-11 17:45:00,2,17,45,0,12.68,11.5,15.65,0.81,3,0.79,0.0,0,0,0,16
2026-03-12 09:00:00,3,9,0,8,31.07,13.81,13.03,2.38,3,0.41,4.94,0,0,14,18
2026-03-12 09:15:00,3,9,15,14,31.04,10.3,17.48,1.78,3,0.61,0.0,0,0,16,19
2026-03-12 09:30:00,3,9,30,16,30.57,9.23,19.51,1.57,3,0.46,0.0,0,0,18,21
2026-03-12 09:45:00,3,9,45,18,25.02,8.84,20.36,1.23,3,0.41,0.0,0,0,19,26
2026-03-12 10:00:00,3,10,0,19,31.26,8.34,21.59,1.45,3,0.33,0.0,0,0,21,27
2026-03-12 10:15:00,3,10,15,21,37.92,7.96,22.61,1.68,3,0.28,0.0,0,0,26,28
2026-03-12 10:30:00,3,10,30,26,24.77,9.07,19.84,1.25,3,0.44,0.0,0,0,27,27
2026-03-12 10:45:00,3,10,45,27,24.17,8.7,20.69,1.17,3,0.39,0.0,0,0,28,25
2026-03-12 11:00:00,3,11,0,28,15.46,10.64,16.91,0.91,3,0.66,0.0,0,0,27,25
2026-03-12 11:15:00,3,11,15,27,14.38,8.28,21.75,0.66,3,0.33,0.0,0,0,25,21
2026-03-12 11:30:00,3,11,30,25,17.43,10.32,17.45,1.0,3,0.62,0.0,0,0,25,21
2026-03-12 11:45:00,3,11,45,25,16.07,6.31,28.51,0.56,3,0.04,0.0,0,0,21,20
2026-03-12 12:00:00,3,12,0,21,22.2,7.92,22.72,0.98,3,0.27,0.0,0,0,21,20
2026-03-12 12:15:00,3,12,15,21,21.03,8.09,22.25,0.95,3,0.3,0.0,0,0,20,19
2026-03-12 12:30:00,3,12,30,20,18.26,10.02,17.96,1.02,3,0.57,0.0,0,0,20,17
2026-03-12 12:45:00,3,12,45,20,21.14,7.42,24.26,0.87,3,0.2,0.0,0,0,19,16
2026-03-12 13:00:00,3,13,0,19,14.36,9.63,18.68,0.77,3,0.23,2.0,0,0,17,14
2026-03-12 13:15:00,3,13,15,17,9.88,11.69,15.4,0.64,3,0.81,0.0,0,0,16,12
2026-03-12 13:30:00,3,13,30,16,5.88,8.73,13.74,0.43,2,0.39,0.0,1,0,14,18
2026-03-12 13:45:00,3,13,45,14,13.26,9.0,20.0,0.66,3,0.43,0.0,0,0,12,17
2026-03-12 14:00:00,3,14,0,12,39.26,10.14,17.75,2.21,3,0.59,0.0,0,1,18,15
2026-03-12 14:15:00,3,14,15,18,15.19,10.55,17.06,0.89,3,0.65,0.0,0,0,17,16
2026-03-12 14:30:00,3,14,30,17,18.38,8.24,21.84,0.84,3,0.32,0.0,0,0,15,12
2026-03-12 14:45:00,3,14,45,15,18.38,9.25,19.45,0.95,3,0.46,0.0,0,0,16,12
2026-03-12 15:00:00,3,15,0,16,14.61,7.18,25.08,0.58,3,0.17,0.0,0,0,12,12
2026-03-12 15:15:00,3,15,15,12,17.44,10.63,16.93,1.03,3,0.66,0.0,0,0,12,11
2026-03-12 15:30:00,3,15,30,12,15.82,8.72,13.76,1.15,2,0.39,0.0,1,0,12,9
2026-03-12 15:45:00,3,15,45,12,16.19,8.15,22.09,0.73,3,0.31,0.0,0,0,11,6
2026-03-12 16:00:00,3,16,0,11,11.65,10.29,17.49,0.67,3,0.61,0.0,0,0,9,5
2026-03-12 16:15:00,3,16,15,9,10.47,8.34,21.57,0.49,3,0.33,0.0,0,0,6,2
2026-03-12 16:30:00,3,16,30,6,9.86,10.22,17.62,0.56,3,0.6,0.0,0,0,5,0
2026-03-12 16:45:00,3,16,45,5,16.64,7.87,22.86,0.73,3,0.27,0.0,0,0,2,0
2026-03-12 17:00:00,3,17,0,2,16.72,8.04,22.39,0.75,3,0.29,0.0,0,0,0,0
2026-03-12 17:15:00,3,17,15,0,12.47,10.69,16.84,0.74,3,0.31,2.54,0,0,0,0
2026-03-12 17:30:00,3,17,30,0,15.73,8.75,20.57,0.76,3,0.39,0.0,0,0,0,13
2026-03-12 17:45:00,3,17,45,0,16.5,8.32,21.63,0.76,3,0.33,0.0,0,0,0,14
2026-03-13 09:00:00,4,9,0,10,31.92,7.8,23.07,1.38,3,0.26,0.0,0,0,13,16
2026-03-13 09:15:00,4,9,15,13,26.42,8.27,21.76,1.21,3,0.32,0.0,0,0,14,20
2026-03-13 09:30:00,4,9,30,14,28.02,7.69,23.39,1.2,3,0.24,0.0,0,0,16,23
2026-03-13 09:45:00,4,9,45,16,32.96,9.21,19.55,1.69,3,0.46,0.0,0,0,20,29
2026-03-13 10:00:00,4,10,0,20,33.25,8.26,21.78,1.53,3,0.32,0.0,0,0,23,30
2026-03-13 10:15:00,4,10,15,23,38.71,7.5,16.0,2.42,2,0.21,0.0,1,0,29,32
2026-03-13 10:30:00,4,10,30,29,33.05,6.87,26.2,1.26,3,0.12,0.0,0,0,30,33
2026-03-13 10:45:00,4,10,45,30,34.1,9.64,18.68,1.83,3,0.14,2.64,0,0,32,34
2026-03-13 11:00:00,4,11,0,32,21.03,9.03,19.93,1.06,3,0.43,0.0,0,0,33,33
2026-03-13 11:15:00,4,11,15,33,21.35,11.52,15.62,1.37,3,0.79,0.0,0,0,34,35
2026-03-13 11:30:00,4,11,30,34,20.9,7.95,22.64,0.92,3,0.28,0.0,0,0,33,37
2026-03-13 11:45:00,4,11,45,33,24.71,9.03,19.94,1.24,3,0.43,0.0,0,0,35,40
2026-03-13 12:00:00,4,12,0,35,23.84,10.67,16.87,1.41,3,0.28,2.69,0,0,37,44
2026-03-13 12:15:00,4,12,15,37,21.4,11.38,10.54,2.03,2,0.77,0.0,1,0,40,43
2026-03-13 12:30:00,4,12,30,40,38.38,8.19,21.98,1.75,3,0.31,0.0,0,1,44,41
2026-03-13 12:45:00,4,12,45,44,19.4,7.89,22.8,0.85,3,0.27,0.0,0,0,43,41
2026-03-13 13:00:00,4,13,0,43,14.98,7.87,22.86,0.66,3,0.27,0.0,0,0,41,40
2026-03-13 13:15:00,4,13,15,41,14.79,9.73,18.5,0.8,3,0.53,0.0,0,0,41,39
2026-03-13 13:30:00,4,13,30,41,12.19,10.42,17.28,0.71,3,0.63,0.0,0,0,40,39
2026-03-13 13:45:00,4,13,45,40,15.62,7.92,22.74,0.69,3,0.27,0.0,0,0,39,43
2026-03-13 14:00:00,4,14,0,39,18.7,6.41,18.72,1.0,2,0.06,0.0,1,0,39,42
2026-03-13 14:15:00,4,14,15,39,28.07,12.09,14.88,1.89,3,0.87,0.0,0,0,43,42
2026-03-13 14:30:00,4,14,30,43,21.59,8.08,22.28,0.97,3,0.3,0.0,0,0,42,43
2026-03-13 14:45:00,4,14,45,42,25.5,6.56,27.42,0.93,3,0.08,0.0,0,0,42,42
2026-03-13 15:00:00,4,15,0,42,26.59,8.68,20.74,1.28,3,0.38,0.0,0,0,43,42
2026-03-13 15:15:00,4,15,15,43,21.99,8.56,21.04,1.05,3,0.37,0.0,0,0,42,41
2026-03-13 15:30:00,4,15,30,42,21.44,8.8,20.46,1.05,3,0.4,0.0,0,0,42,41
2026-03-13 15:45:00,4,15,45,42,22.0,7.16,25.14,0.87,3,0.17,0.0,0,0,41,44
2026-03-13 16:00:00,4,16,0,41,19.32,7.96,22.62,0.85,3,0.28,0.0,0,0,41,42
2026-03-13 16:15:00,4,16,15,41,27.87,11.64,15.47,1.8,3,0.81,0.0,0,1,44,41
2026-03-13 16:30:00,4,16,30,44,17.77,8.41,21.39,0.83,3,0.34,0.0,0,0,42,41
2026-03-13 16:45:00,4,16,45,42,18.17,8.06,22.32,0.81,3,0.29,0.0,0,0,41,41
2026-03-13 17:00:00,4,17,0,41,13.92,10.08,17.87,0.78,3,0.58,0.0,0,0,41,42
2026-03-13 17:15:00,4,17,15,41,18.9,8.37,21.5,0.88,3,0.34,0.0,0,0,41,41
2026-03-13 17:30:00,4,17,30,41,15.86,9.49,18.96,0.84,3,0.5,0.0,0,0,42,12
2026-03-13 17:45:00,4,17,45,42,19.09,9.03,19.94,0.96,3,0.43,0.0,0,0,41,17
2026-03-16 09:00:00,0,9,0,8,37.23,8.39,21.44,1.74,3,0.34,0.0,0,0,12,23
2026-03-16 09:15:00,0,9,15,12,38.82,8.85,20.34,1.91,3,0.41,0.0,0,0,17,30
2026-03-16 09:30:00,0,9,30,17,38.86,10.76,16.73,2.32,3,0.68,0.0,0,0,23,38
2026-03-16 09:45:00,0,9,45,23,40.86,14.04,12.82,3.19,3,0.44,4.96,0,0,30,43
2026-03-16 10:00:00,0,10,0,30,36.92,11.96,10.03,3.68,2,0.33,3.64,1,0,38,48
2026-03-16 10:15:00,0,10,15,38,37.58,10.85,16.6,2.26,3,0.69,0.0,0,0,43,53
2026-03-16 10:30:00,0,10,30,43,38.69,6.97,17.22,2.25,2,0.14,0.0,1,0,48,55
2026-03-16 10:45:00,0,10,45,48,34.82,8.8,13.63,2.55,2,0.4,0.0,1,0,53,55
2026-03-16 11:00:00,0,11,0,53,27.08,6.77,26.59,1.02,3,0.11,0.0,0,0,55,56
2026-03-16 11:15:00,0,11,15,55,22.23,7.63,23.6,0.94,3,0.23,0.0,0,0,55,57
2026-03-16 11:30:00,0,11,30,55,25.4,7.69,23.4,1.09,3,0.24,0.0,0,0,56,56
2026-03-16 11:45:00,0,11,45,56,22.12,8.81,20.43,1.08,3,0.4,0.0,0,0,57,56
2026-03-16 12:00:00,0,12,0,57,27.18,8.21,21.93,1.24,3,0.32,0.0,0,0,56,58
2026-03-16 12:15:00,0,12,15,56,25.51,6.12,29.4,0.87,3,0.02,0.0,0,0,56,57
2026-03-16 12:30:00,0,12,30,56,25.32,9.95,18.1,1.4,3,0.56,0.0,0,0,58,58
2026-03-16 12:45:00,0,12,45,58,19.25,10.63,16.93,1.14,3,0.66,0.0,0,0,57,57
2026-03-16 13:00:00,0,13,0,57,19.85,8.51,21.14,0.94,3,0.36,0.0,0,0,58,55
2026-03-16 13:15:00,0,13,15,58,14.72,6.87,17.47,0.84,2,0.12,0.0,1,0,57,55
2026-03-16 13:30:00,0,13,30,57,17.01,8.69,20.7,0.82,3,0.38,0.0,0,0,55,56
2026-03-16 13:45:00,0,13,45,55,14.06,9.17,13.09,1.07,2,0.45,0.0,1,0,55,55
2026-03-16 14:00:00,0,14,0,55,27.59,10.12,17.78,1.55,3,0.59,0.0,0,0,56,60
2026-03-16 14:15:00,0,14,15,56,25.21,7.29,24.69,1.02,3,0.18,0.0,0,0,55,63
2026-03-16 14:30:00,0,14,30,55,26.4,16.07,11.2,2.36,3,0.81,4.41,0,0,60,66
2026-03-16 14:45:00,0,14,45,60,30.24,12.42,14.5,2.09,3,0.54,2.66,0,0,63,67
2026-03-16 15:00:00,0,15,0,63,30.14,11.03,16.32,1.85,3,0.72,0.0,0,0,66,75
2026-03-16 15:15:00,0,15,15,66,26.94,10.1,17.83,1.51,3,0.59,0.0,0,0,67,77
2026-03-16 15:30:00,0,15,30,67,44.3,10.73,16.77,2.64,3,0.68,0.0,0,1,75,78
2026-03-16 15:45:00,0,15,45,75,24.72,10.8,16.67,1.48,3,0.69,0.0,0,0,77,79
2026-03-16 16:00:00,0,16,0,77,19.94,9.92,18.14,1.1,3,0.56,0.0,0,0,78,81
2026-03-16 16:15:00,0,16,15,78,20.26,10.67,16.88,1.2,3,0.67,0.0,0,0,79,82
2026-03-16 16:30:00,0,16,30,79,25.96,9.4,19.15,1.36,3,0.49,0.0,0,0,81,87
2026-03-16 16:45:00,0,16,45,81,20.15,8.95,20.11,1.0,3,0.42,0.0,0,0,82,85
2026-03-16 17:00:00,0,17,0,82,35.97,7.69,15.6,2.31,2,0.24,0.0,1,1,87,85
2026-03-16 17:15:00,0,17,15,87,22.61,6.56,27.44,0.82,3,0.08,0.0,0,0,85,87
2026-03-16 17:30:00,0,17,30,85,22.5,8.08,22.27,1.01,3,0.3,0.0,0,0,85,14
2026-03-16 17:45:00,0,17,45,85,23.65,12.04,14.95,1.58,3,0.86,0.0,0,0,87,16
2026-03-17 09:00:00,1,9,0,11,32.92,11.98,15.02,2.19,3,0.85,0.0,0,0,14,20
2026-03-17 09:15:00,1,9,15,14,26.21,7.54,23.88,1.1,3,0.22,0.0,0,0,16,23
2026-03-17 09:30:00,1,9,30,16,28.27,9.93,12.08,2.34,2,0.56,0.0,1,0,20,24
2026-03-17 09:45:00,1,9,45,20,26.58,11.86,15.18,1.75,3,0.42,2.93,0,0,23,24
2026-03-17 10:00:00,1,10,0,23,29.17,7.15,25.19,1.16,3,0.16,0.0,0,0,24,26
2026-03-17 10:15:00,1,10,15,24,31.6,6.76,26.64,1.19,3,0.11,0.0,0,0,24,27
2026-03-17 10:30:00,1,10,30,24,28.79,9.69,18.58,1.55,3,0.53,0.0,0,0,26,25
2026-03-17 10:45:00,1,10,45,26,23.12,10.91,16.5,1.4,3,0.7,0.0,0,0,27,28
2026-03-17 11:00:00,1,11,0,27,17.79,8.69,20.7,0.86,3,0.38,0.0,0,0,25,25
2026-03-17 11:15:00,1,11,15,25,19.88,11.75,15.32,1.3,3,0.82,0.0,0,0,28,26
2026-03-17 11:30:00,1,11,30,28,18.29,7.88,22.83,0.8,3,0.27,0.0,0,0,25,27
2026-03-17 11:45:00,1,11,45,25,29.73,6.95,25.89,1.15,3,0.14,0.0,0,1,26,28
2026-03-17 12:00:00,1,12,0,26,19.83,10.41,17.29,1.15,3,0.63,0.0,0,0,27,28
2026-03-17 12:15:00,1,12,15,27,20.44,12.12,14.85,1.38,3,0.87,0.0,0,0,28,27
2026-03-17 12:30:00,1,12,30,28,20.79,7.56,23.82,0.87,3,0.22,0.0,0,0,28,23
2026-03-17 12:45:00,1,12,45,28,13.57,8.59,20.95,0.65,3,0.37,0.0,0,0,27,24
2026-03-17 13:00:00,1,13,0,27,10.68,8.04,22.4,0.48,3,0.29,0.0,0,0,23,19
2026-03-17 13:15:00,1,13,15,23,13.11,11.08,16.24,0.81,3,0.24,3.42,0,0,24,19
2026-03-17 13:30:00,1,13,30,24,8.67,6.73,26.73,0.32,3,0.1,0.0,0,0,19,19
2026-03-17 13:45:00,1,13,45,19,11.6,11.78,15.28,0.76,3,0.83,0.0,0,0,19,20
2026-03-17 14:00:00,1,14,0,19,13.87,9.55,12.56,1.1,2,0.51,0.0,1,0,19,20
2026-03-17 14:15:00,1,14,15,19,16.95,11.7,15.38,1.1,3,0.81,0.0,0,0,20,17
2026-03-17 14:30:00,1,14,30,20,21.01,7.48,24.06,0.87,3,0.21,0.0,0,0,20,14
2026-03-17 14:45:00,1,14,45,20,17.94,7.72,23.33,0.77,3,0.25,0.0,0,0,17,12
2026-03-17 15:00:00,1,15,0,17,15.26,8.15,22.09,0.69,3,0.31,0.0,0,0,14,12
2026-03-17 15:15:00,1,15,15,14,18.08,7.33,24.57,0.74,3,0.19,0.0,0,0,12,13
2026-03-17 15:30:00,1,15,30,12,16.31,9.05,13.27,1.23,2,0.44,0.0,1,0,12,10
2026-03-17 15:45:00,1,15,45,12,15.29,7.28,16.49,0.93,2,0.18,0.0,1,0,13,7
2026-03-17 16:00:00,1,16,0,13,8.99,7.65,23.54,0.38,3,0.24,0.0,0,0,10,5
2026-03-17 16:15:00,1,16,15,10,12.16,8.45,21.3,0.57,3,0.35,0.0,0,0,7,4
2026-03-17 16:30:00,1,16,30,7,12.11,9.31,19.33,0.63,3,0.47,0.0,0,0,5,2
2026-03-17 16:45:00,1,16,45,5,15.24,9.76,18.45,0.83,3,0.54,0.0,0,0,4,3
2026-03-17 17:00:00,1,17,0,4,14.71,8.32,21.63,0.68,3,0.33,0.0,0,0,2,3
2026-03-17 17:15:00,1,17,15,2,17.12,9.76,18.45,0.93,3,0.54,0.0,0,0,3,3
2026-03-17 17:30:00,1,17,30,3,14.67,10.78,16.7,0.88,3,0.68,0.0,0,0,3,15
2026-03-17 17:45:00,1,17,45,3,15.78,9.61,18.74,0.84,3,0.52,0.0,0,0,3,16
2026-03-18 09:00:00,2,9,0,11,31.5,8.08,14.85,2.12,2,0.3,0.0,1,0,15,17
2026-03-18 09:15:00,2,9,15,15,26.61,8.41,21.4,1.24,3,0.34,0.0,0,0,16,21
2026-03-18 09:30:00,2,9,30,16,23.05,9.25,19.46,1.18,3,0.46,0.0,0,0,17,23
2026-03-18 09:45:00,2,9,45,17,30.98,9.53,12.59,2.46,2,0.5,0.0,1,0,21,26
2026-03-18 10:00:00,2,10,0,21,27.03,7.6,23.7,1.14,3,0.23,0.0,0,0,23,27
2026-03-18 10:15:00,2,10,15,23,27.91,9.95,18.09,1.54,3,0.56,0.0,0,0,26,34
2026-03-18 10:30:00,2,10,30,26,35.25,6.87,26.19,1.35,3,0.12,0.0,0,0,27,32
2026-03-18 10:45:00,2,10,45,27,34.13,8.1,14.82,2.3,2,0.3,0.0,1,0,34,29
2026-03-18 11:00:00,2,11,0,34,15.99,8.83,20.38,0.78,3,0.4,0.0,0,0,32,31
2026-03-18 11:15:00,2,11,15,32,14.99,7.28,24.74,0.61,3,0.18,0.0,0,0,29,31
2026-03-18 11:30:00,2,11,30,29,21.86,7.93,15.14,1.44,2,0.28,0.0,1,0,31,31
2026-03-18 11:45:00,2,11,45,31,18.27,8.28,14.49,1.26,2,0.33,0.0,1,0,31,30
2026-03-18 12:00:00,2,12,0,31,21.28,8.34,21.59,0.99,3,0.33,0.0,0,0,31,32
2026-03-18 12:15:00,2,12,15,31,19.38,10.85,16.59,1.17,3,0.69,0.0,0,0,30,31
2026-03-18 12:30:00,2,12,30,30,20.25,10.13,17.78,1.14,3,0.59,0.0,0,0,32,28
2026-03-18 12:45:00,2,12,45,32,20.01,7.56,23.82,0.84,3,0.22,0.0,0,0,31,25
2026-03-18 13:00:00,2,13,0,31,8.86,9.2,19.57,0.45,3,0.46,0.0,0,0,28,26
2026-03-18 13:15:00,2,13,15,28,10.35,9.14,19.69,0.53,3,0.45,0.0,0,0,25,26
2026-03-18 13:30:00,2,13,30,25,17.06,10.59,17.0,1.0,3,0.66,0.0,0,1,26,25
2026-03-18 13:45:00,2,13,45,26,10.6,10.93,16.48,0.64,3,0.7,0.0,0,0,26,23
2026-03-18 14:00:00,2,14,0,26,19.34,6.66,27.02,0.72,3,0.09,0.0,0,0,25,21
2026-03-18 14:15:00,2,14,15,25,16.46,7.12,25.27,0.65,3,0.16,0.0,0,0,23,21
2026-03-18 14:30:00,2,14,30,23,15.99,6.72,26.8,0.6,3,0.1,0.0,0,0,21,20
2026-03-18 14:45:00,2,14,45,21,16.75,10.25,17.57,0.95,3,0.61,0.0,0,0,21,18
2026-03-18 15:00:00,2,15,0,21,18.19,9.61,18.74,0.97,3,0.52,0.0,0,0,20,16
2026-03-18 15:15:00,2,15,15,20,12.93,8.06,22.32,0.58,3,0.29,0.0,0,0,18,15
2026-03-18 15:30:00,2,15,30,18,17.45,6.84,26.33,0.66,3,0.12,0.0,0,0,16,13
2026-03-18 15:45:00,2,15,45,16,19.8,7.69,23.4,0.85,3,0.24,0.0,0,0,15,14
2026-03-18 16:00:00,2,16,0,15,16.41,8.17,22.04,0.74,3,0.31,0.0,0,0,13,13
2026-03-18 16:15:00,2,16,15,13,16.82,12.88,13.97,1.2,3,0.36,4.35,0,0,14,15
2026-03-18 16:30:00,2,16,30,14,14.47,9.45,19.05,0.76,3,0.49,0.0,0,0,13,12
2026-03-18 16:45:00,2,16,45,13,17.66,13.83,13.02,1.36,3,0.6,3.65,0,0,15,8
2026-03-18 17:00:00,2,17,0,15,12.61,6.61,27.23,0.46,3,0.09,0.0,0,0,12,7
2026-03-18 17:15:00,2,17,15,12,11.27,6.76,26.64,0.42,3,0.11,0.0,0,0,8,7
2026-03-18 17:30:00,2,17,30,8,10.79,12.9,13.96,0.77,3,0.54,3.13,0,0,7,10
2026-03-18 17:45:00,2,17,45,7,18.24,12.31,14.63,1.25,3,0.9,0.0,0,0,7,11
2026-03-19 09:00:00,3,9,0,8,26.87,10.56,17.04,1.58,3,0.65,0.0,0,0,10,14
2026-03-19 09:15:00,3,9,15,10,29.62,7.42,24.26,1.22,3,0.2,0.0,0,0,11,18
2026-03-19 09:30:00,3,9,30,11,30.44,11.52,15.63,1.95,3,0.79,0.0,0,0,14,23
2026-03-19 09:45:00,3,9,45,14,31.01,10.84,16.6,1.87,3,0.69,0.0,0,0,18,23
2026-03-19 10:00:00,3,10,0,18,34.57,11.71,10.25,3.37,2,0.82,0.0,1,0,23,25
2026-03-19 10:15:00,3,10,15,23,25.27,6.57,27.39,0.92,3,0.08,0.0,0,0,23,28
2026-03-19 10:30:00,3,10,30,23,27.96,7.46,24.13,1.16,3,0.21,0.0,0,0,25,32
2026-03-19 10:45:00,3,10,45,25,29.49,8.68,20.73,1.42,3,0.38,0.0,0,0,28,32
2026-03-19 11:00:00,3,11,0,28,36.14,8.38,21.48,1.68,3,0.34,0.0,0,1,32,31
2026-03-19 11:15:00,3,11,15,32,20.79,9.76,18.44,1.13,3,0.54,0.0,0,0,32,31
2026-03-19 11:30:00,3,11,30,32,15.31,8.48,21.23,0.72,3,0.35,0.0,0,0,31,31
2026-03-19 11:45:00,3,11,45,31,19.97,10.16,17.72,1.13,3,0.59,0.0,0,0,31,31
2026-03-19 12:00:00,3,12,0,31,15.84,9.36,19.23,0.82,3,0.48,0.0,0,0,31,33
2026-03-19 12:15:00,3,12,15,31,19.63,8.31,21.67,0.91,3,0.33,0.0,0,0,31,33
2026-03-19 12:30:00,3,12,30,31,18.31,10.3,17.48,1.05,3,0.61,0.0,0,0,33,32
2026-03-19 12:45:00,3,12,45,33,15.2,10.6,16.98,0.9,3,0.66,0.0,0,0,33,28
2026-03-19 13:00:00,3,13,0,33,12.96,8.71,20.66,0.63,3,0.39,0.0,0,0,32,25
2026-03-19 13:15:00,3,13,15,32,9.51,6.84,26.31,0.36,3,0.12,0.0,0,0,28,22
2026-03-19 13:30:00,3,13,30,28,7.08,10.23,17.59,0.4,3,0.6,0.0,0,0,25,20
2026-03-19 13:45:00,3,13,45,25,10.21,6.49,27.72,0.37,3,0.07,0.0,0,0,22,20
2026-03-19 14:00:00,3,14,0,22,17.91,7.3,24.67,0.73,3,0.19,0.0,0,0,20,18
2026-03-19 14:15:00,3,14,15,20,17.49,9.69,18.58,0.94,3,0.53,0.0,0,0,20,15
2026-03-19 14:30:00,3,14,30,20,16.62,7.54,23.86,0.7,3,0.22,0.0,0,0,18,12
2026-03-19 14:45:00,3,14,45,18,19.84,6.49,27.74,0.72,3,0.07,0.0,0,0,15,9
2026-03-19 15:00:00,3,15,0,15,17.39,7.01,25.66,0.68,3,0.14,0.0,0,0,12,9
2026-03-19 15:15:00,3,15,15,12,14.98,6.96,25.87,0.58,3,0.14,0.0,0,0,9,10
2026-03-19 15:30:00,3,15,30,9,22.37,8.18,22.0,1.02,3,0.31,0.0,0,0,9,8
2026-03-19 15:45:00,3,15,45,9,20.18,8.68,20.73,0.97,3,0.38,0.0,0,0,10,8
2026-03-19 16:00:00,3,16,0,10,14.36,7.55,23.84,0.6,3,0.22,0.0,0,0,8,7
2026-03-19 16:15:00,3,16,15,8,19.13,8.76,20.55,0.93,3,0.39,0.0,0,0,8,6
2026-03-19 16:30:00,3,16,30,8,14.35,8.22,21.91,0.65,3,0.32,0.0,0,0,7,6
2026-03-19 16:45:00,3,16,45,7,14.76,9.54,18.87,0.78,3,0.51,0.0,0,0,6,5
2026-03-19 17:00:00,3,17,0,6,11.69,13.0,13.84,0.84,3,0.53,3.28,0,0,6,6
2026-03-19 17:15:00,3,17,15,6,14.17,12.13,14.84,0.95,3,0.33,3.85,0,0,5,2
2026-03-19 17:30:00,3,17,30,5,20.45,9.7,18.56,1.1,3,0.53,0.0,0,0,6,16
2026-03-19 17:45:00,3,17,45,6,6.98,8.56,21.03,0.33,3,0.37,0.0,0,0,2,16
2026-03-20 09:00:00,4,9,0,11,35.72,11.04,16.3,2.19,3,0.72,0.0,0,0,16,19
2026-03-20 09:15:00,4,9,15,16,29.46,6.33,28.45,1.04,3,0.05,0.0,0,0,16,23
2026-03-20 09:30:00,4,9,30,16,34.07,7.36,24.45,1.39,3,0.19,0.0,0,0,19,28
2026-03-20 09:45:00,4,9,45,19,36.25,10.04,11.96,3.03,2,0.58,0.0,1,0,23,31
2026-03-20 10:00:00,4,10,0,23,35.9,9.07,19.84,1.81,3,0.44,0.0,0,0,28,36
2026-03-20 10:15:00,4,10,15,28,27.66,6.96,17.23,1.61,2,0.14,0.0,1,0,31,40
2026-03-20 10:30:00,4,10,30,31,30.6,6.59,18.2,1.68,2,0.08,0.0,1,0,36,40
2026-03-20 10:45:00,4,10,45,36,33.68,11.37,15.83,2.13,3,0.77,0.0,0,0,40,40
2026-03-20 11:00:00,4,11,0,40,17.0,12.98,13.87,1.23,3,0.34,4.63,0,0,40,42
2026-03-20 11:15:00,4,11,15,40,22.89,11.69,15.4,1.49,3,0.11,4.91,0,0,40,43
2026-03-20 11:30:00,4,11,30,40,25.01,8.45,21.3,1.17,3,0.35,0.0,0,0,42,42
2026-03-20 11:45:00,4,11,45,42,21.44,7.66,23.5,0.91,3,0.24,0.0,0,0,43,40
2026-03-20 12:00:00,4,12,0,43,16.6,7.48,24.06,0.69,3,0.21,0.0,0,0,42,38
2026-03-20 12:15:00,4,12,15,42,19.97,7.13,25.26,0.79,3,0.16,0.0,0,0,40,42
2026-03-20 12:30:00,4,12,30,40,16.4,8.11,22.18,0.74,3,0.3,0.0,0,0,38,44
2026-03-20 12:45:00,4,12,45,38,26.77,13.32,13.52,1.98,3,0.55,3.49,0,0,42,42
2026-03-20 13:00:00,4,13,0,42,30.64,6.95,25.89,1.18,3,0.14,0.0,0,1,44,40
2026-03-20 13:15:00,4,13,15,44,10.73,9.6,18.76,0.57,3,0.51,0.0,0,0,42,37
2026-03-20 13:30:00,4,13,30,42,13.1,8.7,20.69,0.63,3,0.39,0.0,0,0,40,37
2026-03-20 13:45:00,4,13,45,40,13.22,7.43,24.21,0.55,3,0.2,0.0,0,0,37,35
2026-03-20 14:00:00,4,14,0,37,21.24,8.1,22.23,0.96,3,0.3,0.0,0,0,37,36
2026-03-20 14:15:00,4,14,15,37,21.01,6.89,26.11,0.8,3,0.13,0.0,0,0,35,37
2026-03-20 14:30:00,4,14,30,35,18.36,9.78,18.4,1.0,3,0.54,0.0,0,0,36,39
2026-03-20 14:45:00,4,14,45,36,20.79,9.18,19.6,1.06,3,0.45,0.0,0,0,37,39
2026-03-20 15:00:00,4,15,0,37,25.65,13.1,13.74,1.87,3,0.66,2.47,0,0,39,37
2026-03-20 15:15:00,4,15,15,39,18.17,9.39,19.17,0.95,3,0.48,0.0,0,0,39,35
2026-03-20 15:30:00,4,15,30,39,19.7,7.33,24.56,0.8,3,0.19,0.0,0,0,37,36
2026-03-20 15:45:00,4,15,45,37,19.17,6.91,26.04,0.74,3,0.13,0.0,0,0,35,36
2026-03-20 16:00:00,4,16,0,35,21.14,9.2,19.57,1.08,3,0.46,0.0,0,0,36,38
2026-03-20 16:15:00,4,16,15,36,18.65,7.45,24.18,0.77,3,0.21,0.0,0,0,36,36
2026-03-20 16:30:00,4,16,30,36,20.26,7.88,15.23,1.33,2,0.27,0.0,1,0,38,41
2026-03-20 16:45:00,4,16,45,38,13.31,9.33,19.28,0.69,3,0.48,0.0,0,0,36,41
2026-03-20 17:00:00,4,17,0,36,38.08,8.98,20.04,1.9,3,0.43,0.0,0,1,41,48
2026-03-20 17:15:00,4,17,15,41,14.92,9.3,12.91,1.16,2,0.47,0.0,1,0,41,48
2026-03-20 17:30:00,4,17,30,41,34.77,10.36,11.59,3.0,2,0.62,0.0,1,1,48,15
2026-03-20 17:45:00,4,17,45,48,15.98,11.32,15.9,1.0,3,0.76,0.0,0,0,48,22
2026-03-23 09:00:00,0,9,0,10,39.82,8.17,22.03,1.81,3,0.31,0.0,0,0,15,30
2026-03-23 09:15:00,0,9,15,15,36.79,10.58,11.34,3.24,2,0.65,0.0,1,0,22,33
2026-03-23 09:30:00,0,9,30,22,43.19,11.0,16.37,2.64,3,0.71,0.0,0,1,30,36
2026-03-23 09:45:00,0,9,45,30,36.09,8.64,20.84,1.73,3,0.38,0.0,0,0,33,41
2026-03-23 10:00:00,0,10,0,33,36.0,9.0,20.01,1.8,3,0.43,0.0,0,0,36,45
2026-03-23 10:15:00,0,10,15,36,37.05,8.98,20.05,1.85,3,0.43,0.0,0,0,41,49
2026-03-23 10:30:00,0,10,30,41,34.31,8.67,20.76,1.65,3,0.38,0.0,0,0,45,48
2026-03-23 10:45:00,0,10,45,45,36.56,7.77,23.17,1.58,3,0.25,0.0,0,0,49,51
2026-03-23 11:00:00,0,11,0,49,23.53,6.62,27.19,0.87,3,0.09,0.0,0,0,48,50
2026-03-23 11:15:00,0,11,15,48,26.68,10.39,17.32,1.54,3,0.05,4.07,0,0,51,50
2026-03-23 11:30:00,0,11,30,51,22.03,8.05,22.37,0.98,3,0.29,0.0,0,0,50,50
2026-03-23 11:45:00,0,11,45,50,25.63,9.66,18.63,1.38,3,0.52,0.0,0,0,50,51
2026-03-23 12:00:00,0,12,0,50,22.91,7.15,25.17,0.91,3,0.16,0.0,0,0,50,52
2026-03-23 12:15:00,0,12,15,50,22.92,7.8,23.08,0.99,3,0.26,0.0,0,0,51,53
2026-03-23 12:30:00,0,12,30,51,23.21,7.31,16.41,1.41,2,0.19,0.0,1,0,52,54
2026-03-23 12:45:00,0,12,45,52,23.05,10.41,17.29,1.33,3,0.63,0.0,0,0,53,56
2026-03-23 13:00:00,0,13,0,53,22.69,8.52,21.11,1.07,3,0.36,0.0,0,0,54,56
2026-03-23 13:15:00,0,13,15,54,21.94,8.66,13.85,1.58,2,0.38,0.0,1,0,56,55
2026-03-23 13:30:00,0,13,30,56,18.01,7.9,22.77,0.79,3,0.27,0.0,0,0,56,56
2026-03-23 13:45:00,0,13,45,56,19.0,8.97,20.06,0.95,3,0.42,0.0,0,0,55,56
2026-03-23 14:00:00,0,14,0,55,26.36,8.67,20.75,1.27,3,0.38,0.0,0,0,56,55
2026-03-23 14:15:00,0,14,15,56,22.89,7.18,25.09,0.91,3,0.17,0.0,0,0,56,55
2026-03-23 14:30:00,0,14,30,56,23.41,7.67,23.46,1.0,3,0.24,0.0,0,0,55,57
2026-03-23 14:45:00,0,14,45,55,22.53,8.88,20.28,1.11,3,0.41,0.0,0,0,55,60
2026-03-23 15:00:00,0,15,0,55,23.01,10.21,17.64,1.3,3,0.6,0.0,0,0,57,61
2026-03-23 15:15:00,0,15,15,57,23.94,9.71,12.36,1.94,2,0.53,0.0,1,0,60,63
2026-03-23 15:30:00,0,15,30,60,22.53,9.69,18.58,1.21,3,0.53,0.0,0,0,61,63
2026-03-23 15:45:00,0,15,45,61,25.92,8.24,21.85,1.19,3,0.32,0.0,0,0,63,63
2026-03-23 16:00:00,0,16,0,63,21.96,8.78,20.51,1.07,3,0.4,0.0,0,0,63,64
2026-03-23 16:15:00,0,16,15,63,16.69,9.44,19.06,0.88,3,0.49,0.0,0,0,63,66
2026-03-23 16:30:00,0,16,30,63,21.53,9.87,18.24,1.18,3,0.55,0.0,0,0,64,65
2026-03-23 16:45:00,0,16,45,64,21.56,11.75,15.32,1.41,3,0.82,0.0,0,0,66,64
2026-03-23 17:00:00,0,17,0,66,19.0,7.6,23.69,0.8,3,0.23,0.0,0,0,65,64
2026-03-23 17:15:00,0,17,15,65,20.98,8.3,21.68,0.97,3,0.33,0.0,0,0,64,63
2026-03-23 17:30:00,0,17,30,64,16.74,9.44,19.06,0.88,3,0.49,0.0,0,0,64,16
2026-03-23 17:45:00,0,17,45,64,16.4,9.18,19.61,0.84,3,0.45,0.0,0,0,63,18
2026-03-24 09:00:00,1,9,0,13,29.1,8.04,22.38,1.3,3,0.29,0.0,0,0,16,24
2026-03-24 09:15:00,1,9,15,16,33.73,8.14,22.12,1.52,3,0.31,0.0,0,0,18,26
2026-03-24 09:30:00,1,9,30,18,47.02,8.59,20.95,2.24,3,0.37,0.0,0,1,24,27
2026-03-24 09:45:00,1,9,45,24,28.97,7.93,22.69,1.28,3,0.28,0.0,0,0,26,30
2026-03-24 10:00:00,1,10,0,26,32.37,7.82,23.03,1.41,3,0.26,0.0,0,0,27,36
2026-03-24 10:15:00,1,10,15,27,28.6,9.06,19.87,1.44,3,0.44,0.0,0,0,30,43
2026-03-24 10:30:00,1,10,30,30,34.74,14.32,8.38,4.15,2,0.62,3.96,1,0,36,42
2026-03-24 10:45:00,1,10,45,36,37.05,12.18,14.78,2.51,3,0.88,0.0,0,0,43,41
2026-03-24 11:00:00,1,11,0,43,21.82,6.95,25.88,0.84,3,0.14,0.0,0,0,42,42
2026-03-24 11:15:00,1,11,15,42,19.95,7.64,23.55,0.85,3,0.23,0.0,0,0,41,42
2026-03-24 11:30:00,1,11,30,41,21.08,8.27,21.76,0.97,3,0.32,0.0,0,0,42,41
2026-03-24 11:45:00,1,11,45,42,21.08,9.74,18.48,1.14,3,0.53,0.0,0,0,42,41
2026-03-24 12:00:00,1,12,0,42,18.9,8.5,21.18,0.89,3,0.36,0.0,0,0,41,41
2026-03-24 12:15:00,1,12,15,41,19.59,9.13,19.72,0.99,3,0.45,0.0,0,0,41,39
2026-03-24 12:30:00,1,12,30,41,17.93,7.95,15.09,1.19,2,0.28,0.0,1,0,41,39
2026-03-24 12:45:00,1,12,45,41,18.49,9.61,18.74,0.99,3,0.52,0.0,0,0,39,37
2026-03-24 13:00:00,1,13,0,39,16.57,10.27,17.53,0.95,3,0.25,2.54,0,0,39,35
2026-03-24 13:15:00,1,13,15,39,12.3,8.96,20.09,0.61,3,0.42,0.0,0,0,37,34
2026-03-24 13:30:00,1,13,30,37,14.89,7.72,23.31,0.64,3,0.25,0.0,0,0,35,34
2026-03-24 13:45:00,1,13,45,35,13.06,10.02,17.96,0.73,3,0.57,0.0,0,0,34,36
2026-03-24 14:00:00,1,14,0,34,12.05,9.94,18.12,0.67,3,0.56,0.0,0,0,34,37
2026-03-24 14:15:00,1,14,15,34,17.95,11.36,15.84,1.13,3,0.77,0.0,0,0,36,36
2026-03-24 14:30:00,1,14,30,36,21.24,10.32,17.43,1.22,3,0.09,3.68,0,0,37,38
2026-03-24 14:45:00,1,14,45,37,19.36,8.93,20.15,0.96,3,0.42,0.0,0,0,36,37
2026-03-24 15:00:00,1,15,0,36,16.55,10.73,16.78,0.99,3,0.68,0.0,0,0,38,37
2026-03-24 15:15:00,1,15,15,38,19.98,7.07,25.47,0.78,3,0.15,0.0,0,0,37,41
2026-03-24 15:30:00,1,15,30,37,16.92,7.87,22.88,0.74,3,0.27,0.0,0,0,37,39
2026-03-24 15:45:00,1,15,45,37,29.93,14.2,12.68,2.36,3,0.79,2.68,0,1,41,37
2026-03-24 16:00:00,1,16,0,41,11.35,9.5,18.95,0.6,3,0.5,0.0,0,0,39,34
2026-03-24 16:15:00,1,16,15,39,11.5,11.28,15.96,0.72,3,0.75,0.0,0,0,37,33
2026-03-24 16:30:00,1,16,30,37,6.67,10.42,17.27,0.39,3,0.63,0.0,0,0,34,29
2026-03-24 16:45:00,1,16,45,34,14.51,7.88,22.85,0.64,3,0.27,0.0,0,0,33,28
2026-03-24 17:00:00,1,17,0,33,11.94,7.39,24.36,0.49,3,0.2,0.0,0,0,29,26
2026-03-24 17:15:00,1,17,15,29,14.83,9.79,18.38,0.81,3,0.54,0.0,0,0,28,27
2026-03-24 17:30:00,1,17,30,28,13.81,9.27,19.42,0.71,3,0.47,0.0,0,0,26,17
2026-03-24 17:45:00,1,17,45,26,15.08,11.47,15.69,0.96,3,0.78,0.0,0,0,27,18
2026-03-25 09:00:00,2,9,0,14,32.54,9.94,18.11,1.8,3,0.56,0.0,0,0,17,19
2026-03-25 09:15:00,2,9,15,17,23.79,8.24,21.85,1.09,3,0.32,0.0,0,0,18,20
2026-03-25 09:30:00,2,9,30,18,29.51,9.32,19.3,1.53,3,0.47,0.0,0,0,19,23
2026-03-25 09:45:00,2,9,45,19,29.92,8.16,22.06,1.36,3,0.31,0.0,0,0,20,25
2026-03-25 10:00:00,2,10,0,20,31.99,8.56,21.04,1.52,3,0.37,0.0,0,0,23,27
2026-03-25 10:15:00,2,10,15,23,26.71,8.65,20.8,1.28,3,0.38,0.0,0,0,25,30
2026-03-25 10:30:00,2,10,30,25,34.29,7.56,23.82,1.44,3,0.22,0.0,0,0,27,29
2026-03-25 10:45:00,2,10,45,27,25.04,11.71,15.37,1.63,3,0.82,0.0,0,0,30,27
2026-03-25 11:00:00,2,11,0,30,18.34,8.65,20.82,0.88,3,0.38,0.0,0,0,29,31
2026-03-25 11:15:00,2,11,15,29,10.52,9.91,18.16,0.58,3,0.56,0.0,0,0,27,29
2026-03-25 11:30:00,2,11,30,27,18.0,12.6,14.28,1.26,3,0.94,0.0,0,0,31,29
2026-03-25 11:45:00,2,11,45,31,14.36,7.94,22.66,0.63,3,0.28,0.0,0,0,29,30
2026-03-25 12:00:00,2,12,0,29,16.62,10.18,17.69,0.94,3,0.6,0.0,0,0,29,26
2026-03-25 12:15:00,2,12,15,29,20.95,9.7,18.56,1.13,3,0.53,0.0,0,0,30,22
2026-03-25 12:30:00,2,12,30,30,14.4,6.86,26.26,0.55,3,0.12,0.0,0,0,26,20
2026-03-25 12:45:00,2,12,45,26,13.05,7.1,25.34,0.51,3,0.16,0.0,0,0,22,19
2026-03-25 13:00:00,2,13,0,22,14.45,7.98,22.54,0.64,3,0.28,0.0,0,0,20,16
2026-03-25 13:15:00,2,13,15,20,12.39,7.93,15.14,0.82,2,0.28,0.0,1,0,19,12
2026-03-25 13:30:00,2,13,30,19,9.7,9.11,19.76,0.49,3,0.44,0.0,0,0,16,13
2026-03-25 13:45:00,2,13,45,16,7.35,8.68,20.74,0.35,3,0.38,0.0,0,0,12,10
2026-03-25 14:00:00,2,14,0,12,17.58,10.17,17.71,0.99,3,0.6,0.0,0,0,13,10
2026-03-25 14:15:00,2,14,15,13,17.7,7.93,22.7,0.78,3,0.28,0.0,0,0,10,7
2026-03-25 14:30:00,2,14,30,10,18.63,9.94,18.11,1.03,3,0.56,0.0,0,0,10,6
2026-03-25 14:45:00,2,14,45,10,14.93,7.56,23.8,0.63,3,0.22,0.0,0,0,7,6
2026-03-25 15:00:00,2,15,0,7,15.25,9.81,18.35,0.83,3,0.54,0.0,0,0,6,7
2026-03-25 15:15:00,2,15,15,6,20.44,6.59,18.22,1.12,2,0.08,0.0,1,0,6,7
2026-03-25 15:30:00,2,15,30,6,19.28,9.29,19.38,0.99,3,0.47,0.0,0,0,7,7
2026-03-25 15:45:00,2,15,45,7,18.29,10.74,16.76,1.09,3,0.68,0.0,0,0,7,6
2026-03-25 16:00:00,2,16,0,7,16.33,8.54,14.06,1.16,2,0.36,0.0,1,0,7,4
2026-03-25 16:15:00,2,16,15,7,13.24,9.25,19.46,0.68,3,0.46,0.0,0,0,6,2
2026-03-25 16:30:00,2,16,30,6,13.5,8.33,21.62,0.62,3,0.33,0.0,0,0,4,2
2026-03-25 16:45:00,2,16,45,4,15.85,7.01,25.68,0.62,3,0.14,0.0,0,0,2,1
2026-03-25 17:00:00,2,17,0,2,19.09,8.6,13.96,1.37,2,0.37,0.0,1,0,2,0
2026-03-25 17:15:00,2,17,15,2,12.61,10.8,16.67,0.76,3,0.69,0.0,0,0,1,0
2026-03-25 17:30:00,2,17,30,1,12.22,10.46,17.21,0.71,3,0.64,0.0,0,0,0,13
2026-03-25 17:45:00,2,17,45,0,19.48,8.77,20.52,0.95,3,0.4,0.0,0,0,0,15
2026-03-26 09:00:00,3,9,0,6,44.31,7.8,23.08,1.92,3,0.26,0.0,0,1,13,17
2026-03-26 09:15:00,3,9,15,13,32.03,7.38,24.38,1.31,3,0.2,0.0,0,0,15,20
2026-03-26 09:30:00,3,9,30,15,32.16,6.75,26.65,1.21,3,0.11,0.0,0,0,17,24
2026-03-26 09:45:00,3,9,45,17,31.08,9.11,19.76,1.57,3,0.44,0.0,0,0,20,25
2026-03-26 10:00:00,3,10,0,20,32.99,9.71,18.54,1.78,3,0.53,0.0,0,0,24,28
2026-03-26 10:15:00,3,10,15,24,28.68,6.68,26.96,1.06,3,0.1,0.0,0,0,25,30
2026-03-26 10:30:00,3,10,30,25,35.05,6.95,25.9,1.35,3,0.14,0.0,0,0,28,29
2026-03-26 10:45:00,3,10,45,28,33.4,8.21,21.92,1.52,3,0.32,0.0,0,0,30,30
2026-03-26 11:00:00,3,11,0,30,13.16,11.32,15.9,0.83,3,0.76,0.0,0,0,29,31
2026-03-26 11:15:00,3,11,15,29,18.77,8.59,20.94,0.9,3,0.37,0.0,0,0,30,30
2026-03-26 11:30:00,3,11,30,30,19.28,8.64,13.88,1.39,2,0.38,0.0,1,0,31,32
2026-03-26 11:45:00,3,11,45,31,18.16,7.94,15.11,1.2,2,0.28,0.0,1,0,30,33
2026-03-26 12:00:00,3,12,0,30,28.28,8.46,14.19,1.99,2,0.35,0.0,1,1,32,31
2026-03-26 12:15:00,3,12,15,32,17.87,12.04,14.96,1.19,3,0.35,3.61,0,0,33,33
2026-03-26 12:30:00,3,12,30,33,20.21,7.11,25.32,0.8,3,0.16,0.0,0,0,31,30
2026-03-26 12:45:00,3,12,45,31,19.86,13.31,13.52,1.47,3,0.74,2.15,0,0,33,27
2026-03-26 13:00:00,3,13,0,33,6.15,9.12,19.75,0.31,3,0.45,0.0,0,0,30,23
2026-03-26 13:15:00,3,13,15,30,12.78,9.1,19.77,0.65,3,0.44,0.0,0,0,27,24
2026-03-26 13:30:00,3,13,30,27,10.16,6.59,27.31,0.37,3,0.08,0.0,0,0,23,26
2026-03-26 13:45:00,3,13,45,23,12.22,14.15,12.72,0.96,3,0.55,4.31,0,0,24,24
2026-03-26 14:00:00,3,14,0,24,20.48,10.51,17.13,1.2,3,0.64,0.0,0,0,26,26
2026-03-26 14:15:00,3,14,15,26,15.01,8.23,21.86,0.69,3,0.32,0.0,0,0,24,25
2026-03-26 14:30:00,3,14,30,24,20.73,10.88,16.54,1.25,3,0.7,0.0,0,0,26,24
2026-03-26 14:45:00,3,14,45,26,17.62,9.43,19.1,0.92,3,0.49,0.0,0,0,25,24
2026-03-26 15:00:00,3,15,0,25,16.18,10.28,17.51,0.92,3,0.61,0.0,0,0,24,24
2026-03-26 15:15:00,3,15,15,24,20.07,7.3,24.65,0.81,3,0.19,0.0,0,0,24,24
2026-03-26 15:30:00,3,15,30,24,20.81,9.39,19.16,1.09,3,0.48,0.0,0,0,24,20
2026-03-26 15:45:00,3,15,45,24,21.63,9.07,19.85,1.09,3,0.44,0.0,0,0,24,21
2026-03-26 16:00:00,3,16,0,24,16.06,6.61,27.24,0.59,3,0.09,0.0,0,0,20,22
2026-03-26 16:15:00,3,16,15,20,20.0,10.39,17.32,1.15,3,0.63,0.0,0,0,21,20
2026-03-26 16:30:00,3,16,30,21,11.54,10.33,17.42,0.66,3,0.62,0.0,0,0,22,18
2026-03-26 16:45:00,3,16,45,22,15.47,8.24,21.85,0.71,3,0.32,0.0,0,0,20,19
2026-03-26 17:00:00,3,17,0,20,14.0,6.89,26.14,0.54,3,0.13,0.0,0,0,18,18
2026-03-26 17:15:00,3,17,15,18,19.54,7.98,22.54,0.87,3,0.28,0.0,0,0,19,16
2026-03-26 17:30:00,3,17,30,19,14.1,6.78,26.56,0.53,3,0.11,0.0,0,0,18,15
2026-03-26 17:45:00,3,17,45,18,14.22,11.26,15.99,0.89,3,0.75,0.0,0,0,16,16
2026-03-27 09:00:00,4,9,0,11,27.97,8.07,14.87,1.88,2,0.3,0.0,1,0,15,19
2026-03-27 09:15:00,4,9,15,15,29.58,7.91,22.76,1.3,3,0.27,0.0,0,0,16,21
2026-03-27 09:30:00,4,9,30,16,29.95,9.73,18.49,1.62,3,0.53,0.0,0,0,19,24
2026-03-27 09:45:00,4,9,45,19,30.67,9.02,19.96,1.54,3,0.43,0.0,0,0,21,28
2026-03-27 10:00:00,4,10,0,21,30.37,9.3,19.36,1.57,3,0.47,0.0,0,0,24,32
2026-03-27 10:15:00,4,10,15,24,35.75,8.5,21.17,1.69,3,0.36,0.0,0,0,28,32
2026-03-27 10:30:00,4,10,30,28,33.84,9.78,18.41,1.84,3,0.54,0.0,0,0,32,32
2026-03-27 10:45:00,4,10,45,32,26.75,7.6,23.69,1.13,3,0.23,0.0,0,0,32,32
2026-03-27 11:00:00,4,11,0,32,18.45,9.31,19.33,0.95,3,0.47,0.0,0,0,32,31
2026-03-27 11:15:00,4,11,15,32,24.1,8.91,20.21,1.19,3,0.42,0.0,0,0,32,31
2026-03-27 11:30:00,4,11,30,32,21.62,7.59,23.7,0.91,3,0.23,0.0,0,0,31,32
2026-03-27 11:45:00,4,11,45,31,16.68,10.78,16.7,1.0,3,0.68,0.0,0,0,31,32
2026-03-27 12:00:00,4,12,0,31,21.58,8.16,22.07,0.98,3,0.31,0.0,0,0,32,31
2026-03-27 12:15:00,4,12,15,32,20.46,10.25,17.56,1.17,3,0.61,0.0,0,0,32,40
2026-03-27 12:30:00,4,12,30,32,20.1,8.26,21.79,0.92,3,0.32,0.0,0,0,31,37
2026-03-27 12:45:00,4,12,45,31,43.81,14.65,12.29,3.57,3,0.61,4.38,0,1,40,34
2026-03-27 13:00:00,4,13,0,40,15.56,8.04,22.37,0.7,3,0.29,0.0,0,0,37,33
2026-03-27 13:15:00,4,13,15,37,9.29,6.93,25.97,0.36,3,0.13,0.0,0,0,34,32
2026-03-27 13:30:00,4,13,30,34,16.69,9.56,18.83,0.89,3,0.51,0.0,0,0,33,33
2026-03-27 13:45:00,4,13,45,33,15.8,10.62,16.95,0.93,3,0.66,0.0,0,0,32,32
2026-03-27 14:00:00,4,14,0,32,22.54,7.88,15.24,1.48,2,0.27,0.0,1,0,33,34
2026-03-27 14:15:00,4,14,15,33,24.68,8.4,21.44,1.15,3,0.34,0.0,0,0,32,36
2026-03-27 14:30:00,4,14,30,32,17.82,9.98,18.03,0.99,3,0.57,0.0,0,0,34,37
2026-03-27 14:45:00,4,14,45,34,23.97,9.06,19.86,1.21,3,0.44,0.0,0,0,36,37
2026-03-27 15:00:00,4,15,0,36,24.4,9.57,18.81,1.3,3,0.51,0.0,0,0,37,37
2026-03-27 15:15:00,4,15,15,37,17.07,13.0,13.85,1.23,3,0.44,3.9,0,0,37,39
2026-03-27 15:30:00,4,15,30,37,23.07,7.81,23.03,1.0,3,0.26,0.0,0,0,37,38
2026-03-27 15:45:00,4,15,45,37,26.09,6.79,17.67,1.48,2,0.11,0.0,1,0,39,37
2026-03-27 16:00:00,4,16,0,39,14.99,6.21,19.33,0.78,2,0.03,0.0,1,0,38,36
2026-03-27 16:15:00,4,16,15,38,17.48,9.13,19.72,0.89,3,0.45,0.0,0,0,37,37
2026-03-27 16:30:00,4,16,30,37,19.91,6.81,26.42,0.75,3,0.12,0.0,0,0,36,38
2026-03-27 16:45:00,4,16,45,36,23.35,9.57,12.54,1.86,2,0.51,0.0,1,0,37,39
2026-03-27 17:00:00,4,17,0,37,17.54,10.03,17.94,0.98,3,0.58,0.0,0,0,38,41
2026-03-27 17:15:00,4,17,15,38,21.73,10.25,17.57,1.24,3,0.61,0.0,0,0,39,39
2026-03-27 17:30:00,4,17,30,39,28.49,8.6,20.92,1.36,3,0.37,0.0,0,1,41,12
2026-03-27 17:45:00,4,17,45,41,15.02,8.04,22.4,0.67,3,0.29,0.0,0,0,39,17
2026-03-30 09:00:00,0,9,0,7,35.68,9.15,19.67,1.81,3,0.45,0.0,0,0,12,22
2026-03-30 09:15:00,0,9,15,12,35.49,9.6,18.75,1.89,3,0.51,0.0,0,0,17,25
2026-03-30 09:30:00,0,9,30,17,34.28,9.66,18.63,1.84,3,0.18,2.43,0,0,22,30
2026-03-30 09:45:00,0,9,45,22,36.17,6.91,26.07,1.39,3,0.13,0.0,0,0,25,35
2026-03-30 10:00:00,0,10,0,25,38.94,9.91,18.16,2.14,3,0.56,0.0,0,0,30,36
2026-03-30 10:15:00,0,10,15,30,34.45,10.57,17.02,2.02,3,0.65,0.0,0,0,35,42
2026-03-30 10:30:00,0,10,30,35,37.15,6.79,26.5,1.4,3,0.11,0.0,0,0,36,45
2026-03-30 10:45:00,0,10,45,36,34.0,10.47,17.19,1.98,3,0.64,0.0,0,0,42,48
2026-03-30 11:00:00,0,11,0,42,29.72,10.48,17.17,1.73,3,0.64,0.0,0,0,45,51
2026-03-30 11:15:00,0,11,15,45,25.15,10.18,11.79,2.13,2,0.6,0.0,1,0,48,53
2026-03-30 11:30:00,0,11,30,48,23.78,11.74,15.34,1.55,3,0.82,0.0,0,0,51,54
2026-03-30 11:45:00,0,11,45,51,26.44,10.37,17.36,1.52,3,0.62,0.0,0,0,53,55
2026-03-30 12:00:00,0,12,0,53,25.21,7.1,25.36,0.99,3,0.16,0.0,0,0,54,55
2026-03-30 12:15:00,0,12,15,54,24.18,8.46,21.28,1.14,3,0.35,0.0,0,0,55,54
2026-03-30 12:30:00,0,12,30,55,23.97,10.7,16.82,1.43,3,0.67,0.0,0,0,55,54
2026-03-30 12:45:00,0,12,45,55,23.57,9.71,18.54,1.27,3,0.53,0.0,0,0,54,54
2026-03-30 13:00:00,0,13,0,54,22.85,7.79,23.1,0.99,3,0.26,0.0,0,0,54,54
2026-03-30 13:15:00,0,13,15,54,20.8,9.58,18.78,1.11,3,0.51,0.0,0,0,54,56
2026-03-30 13:30:00,0,13,30,54,22.23,7.21,24.97,0.89,3,0.17,0.0,0,0,54,55
2026-03-30 13:45:00,0,13,45,54,20.07,10.83,16.62,1.21,3,0.69,0.0,0,0,56,54
2026-03-30 14:00:00,0,14,0,56,22.46,7.6,23.68,0.95,3,0.23,0.0,0,0,55,53
2026-03-30 14:15:00,0,14,15,55,27.18,7.87,22.86,1.19,3,0.27,0.0,0,0,54,51
2026-03-30 14:30:00,0,14,30,54,24.98,7.03,25.62,0.98,3,0.15,0.0,0,0,53,51
2026-03-30 14:45:00,0,14,45,53,22.91,7.94,22.67,1.01,3,0.28,0.0,0,0,51,50
2026-03-30 15:00:00,0,15,0,51,24.92,7.23,24.88,1.0,3,0.18,0.0,0,0,51,53
2026-03-30 15:15:00,0,15,15,51,17.14,8.58,20.97,0.82,3,0.37,0.0,0,0,50,55
2026-03-30 15:30:00,0,15,30,50,27.71,10.2,17.65,1.57,3,0.6,0.0,0,0,53,53
2026-03-30 15:45:00,0,15,45,53,23.61,10.67,16.87,1.4,3,0.67,0.0,0,0,55,54
2026-03-30 16:00:00,0,16,0,55,18.74,7.98,22.54,0.83,3,0.28,0.0,0,0,53,54
2026-03-30 16:15:00,0,16,15,53,21.64,9.54,18.86,1.15,3,0.51,0.0,0,0,54,58
2026-03-30 16:30:00,0,16,30,54,23.49,8.53,21.1,1.11,3,0.36,0.0,0,0,54,57
2026-03-30 16:45:00,0,16,45,54,20.9,10.04,11.95,1.75,2,0.58,0.0,1,0,58,58
2026-03-30 17:00:00,0,17,0,58,24.92,6.49,27.74,0.9,3,0.07,0.0,0,0,57,57
2026-03-30 17:15:00,0,17,15,57,19.55,8.73,20.61,0.95,3,0.39,0.0,0,0,58,56
2026-03-30 17:30:00,0,17,30,58,19.99,7.46,24.11,0.83,3,0.21,0.0,0,0,57,9
2026-03-30 17:45:00,0,17,45,57,17.94,8.87,20.29,0.88,3,0.41,0.0,0,0,56,10
2026-03-31 09:00:00,1,9,0,5,33.98,9.5,18.95,1.79,3,0.5,0.0,0,0,9,11
2026-03-31 09:15:00,1,9,15,9,22.82,8.89,20.25,1.13,3,0.41,0.0,0,0,10,11
2026-03-31 09:30:00,1,9,30,10,29.68,10.67,16.87,1.76,3,0.67,0.0,0,0,11,16
2026-03-31 09:45:00,1,9,45,11,24.98,8.27,21.75,1.15,3,0.32,0.0,0,0,11,18
2026-03-31 10:00:00,1,10,0,11,33.04,8.89,13.49,2.45,2,0.41,0.0,1,0,16,23
2026-03-31 10:15:00,1,10,15,16,28.87,7.6,23.68,1.22,3,0.23,0.0,0,0,18,24
2026-03-31 10:30:00,1,10,30,18,33.1,11.66,10.29,3.22,2,0.81,0.0,1,0,23,22
2026-03-31 10:45:00,1,10,45,23,34.08,7.82,23.02,1.48,3,0.26,0.0,0,0,24,21
2026-03-31 11:00:00,1,11,0,24,17.11,7.1,25.35,0.67,3,0.16,0.0,0,0,22,18
2026-03-31 11:15:00,1,11,15,22,14.69,8.25,14.55,1.01,2,0.32,0.0,1,0,21,17
2026-03-31 11:30:00,1,11,30,21,11.26,8.15,22.09,0.51,3,0.31,0.0,0,0,18,16
2026-03-31 11:45:00,1,11,45,18,20.28,9.08,19.82,1.02,3,0.44,0.0,0,0,17,17
2026-03-31 12:00:00,1,12,0,17,18.43,6.26,28.74,0.64,3,0.04,0.0,0,0,16,16
2026-03-31 12:15:00,1,12,15,16,22.96,8.37,21.52,1.07,3,0.34,0.0,0,0,17,16
2026-03-31 12:30:00,1,12,30,17,22.53,6.41,28.1,0.8,3,0.06,0.0,0,0,16,15
2026-03-31 12:45:00,1,12,45,16,19.19,8.57,21.0,0.91,3,0.37,0.0,0,0,16,13
2026-03-31 13:00:00,1,13,0,16,16.27,9.0,20.0,0.81,3,0.43,0.0,0,0,15,9
2026-03-31 13:15:00,1,13,15,15,9.02,13.19,13.64,0.66,3,0.46,3.98,0,0,13,5
2026-03-31 13:30:00,1,13,30,13,9.44,8.1,22.21,0.42,3,0.3,0.0,0,0,9,5
2026-03-31 13:45:00,1,13,45,9,6.44,8.79,20.47,0.31,3,0.4,0.0,0,0,5,7
2026-03-31 14:00:00,1,14,0,5,16.58,11.64,15.46,1.07,3,0.36,3.11,0,0,5,5
2026-03-31 14:15:00,1,14,15,5,26.72,10.08,17.86,1.5,3,0.58,0.0,0,0,7,2
2026-03-31 14:30:00,1,14,30,7,13.45,8.53,21.1,0.64,3,0.36,0.0,0,0,5,5
2026-03-31 14:45:00,1,14,45,5,17.14,6.88,26.16,0.66,3,0.13,0.0,0,0,2,4
2026-03-31 15:00:00,1,15,0,2,36.44,8.39,21.46,1.7,3,0.34,0.0,0,1,5,4
2026-03-31 15:15:00,1,15,15,5,17.16,8.42,21.37,0.8,3,0.35,0.0,0,0,4,4
2026-03-31 15:30:00,1,15,30,4,22.12,8.79,20.47,1.08,3,0.4,0.0,0,0,4,4
2026-03-31 15:45:00,1,15,45,4,19.36,9.12,19.75,0.98,3,0.45,0.0,0,0,4,2
2026-03-31 16:00:00,1,16,0,4,13.53,10.57,17.03,0.79,3,0.65,0.0,0,0,4,1
2026-03-31 16:15:00,1,16,15,4,18.1,6.85,26.26,0.69,3,0.12,0.0,0,0,2,2
2026-03-31 16:30:00,1,16,30,2,17.79,8.22,21.88,0.81,3,0.32,0.0,0,0,1,0
2026-03-31 16:45:00,1,16,45,1,13.95,9.59,12.52,1.11,2,0.51,0.0,1,0,2,0
2026-03-31 17:00:00,1,17,0,2,10.71,10.31,17.46,0.61,3,0.62,0.0,0,0,0,0
2026-03-31 17:15:00,1,17,15,0,13.63,8.31,21.66,0.63,3,0.33,0.0,0,0,0,0
2026-03-31 17:30:00,1,17,30,0,12.92,9.36,12.82,1.01,2,0.48,0.0,1,0,0,16
2026-03-31 17:45:00,1,17,45,0,13.46,7.29,24.68,0.55,3,0.18,0.0,0,0,0,21
2026-04-01 09:00:00,2,9,0,13,28.76,11.99,15.01,1.92,3,0.86,0.0,0,0,16,23
2026-04-01 09:15:00,2,9,15,16,30.42,10.42,11.52,2.64,2,0.63,0.0,1,0,21,24
2026-04-01 09:30:00,2,9,30,21,27.7,7.97,22.59,1.23,3,0.28,0.0,0,0,23,28
2026-04-01 09:45:00,2,9,45,23,25.22,9.43,19.08,1.32,3,0.49,0.0,0,0,24,32
2026-04-01 10:00:00,2,10,0,24,31.9,8.64,20.85,1.53,3,0.38,0.0,0,0,28,32
2026-04-01 10:15:00,2,10,15,28,34.77,8.34,21.57,1.61,3,0.33,0.0,0,0,32,33
2026-04-01 10:30:00,2,10,30,32,25.38,6.88,26.15,0.97,3,0.13,0.0,0,0,32,33
2026-04-01 10:45:00,2,10,45,32,31.06,6.35,28.36,1.1,3,0.05,0.0,0,0,33,31
2026-04-01 11:00:00,2,11,0,33,16.56,9.79,18.39,0.9,3,0.54,0.0,0,0,33,31
2026-04-01 11:15:00,2,11,15,33,15.85,8.6,20.94,0.76,3,0.37,0.0,0,0,31,30
2026-04-01 11:30:00,2,11,30,31,20.65,8.16,22.05,0.94,3,0.31,0.0,0,0,31,33
2026-04-01 11:45:00,2,11,45,31,16.52,9.95,18.09,0.91,3,0.56,0.0,0,0,30,32
2026-04-01 12:00:00,2,12,0,30,20.57,10.92,10.99,1.87,2,0.7,0.0,1,0,33,32
2026-04-01 12:15:00,2,12,15,33,21.03,7.11,25.3,0.83,3,0.16,0.0,0,0,32,30
2026-04-01 12:30:00,2,12,30,32,22.41,9.44,19.08,1.17,3,0.49,0.0,0,0,32,30
2026-04-01 12:45:00,2,12,45,32,13.01,8.57,20.99,0.62,3,0.37,0.0,0,0,30,29
2026-04-01 13:00:00,2,13,0,30,14.74,9.04,19.91,0.74,3,0.43,0.0,0,0,30,25
2026-04-01 13:15:00,2,13,15,30,14.01,7.79,23.1,0.61,3,0.26,0.0,0,0,29,23
2026-04-01 13:30:00,2,13,30,29,11.28,6.31,28.53,0.4,3,0.04,0.0,0,0,25,23
2026-04-01 13:45:00,2,13,45,25,11.93,11.56,15.57,0.77,3,0.79,0.0,0,0,23,21
2026-04-01 14:00:00,2,14,0,23,17.67,10.07,17.88,0.99,3,0.58,0.0,0,0,23,18
2026-04-01 14:15:00,2,14,15,23,12.13,11.08,16.24,0.75,3,0.73,0.0,0,0,21,16
2026-04-01 14:30:00,2,14,30,21,17.04,7.76,23.19,0.74,3,0.25,0.0,0,0,18,14
2026-04-01 14:45:00,2,14,45,18,18.87,6.72,26.77,0.7,3,0.1,0.0,0,0,16,12
2026-04-01 15:00:00,2,15,0,16,16.23,8.51,21.14,0.77,3,0.36,0.0,0,0,14,8
2026-04-01 15:15:00,2,15,15,14,16.04,7.34,24.52,0.65,3,0.19,0.0,0,0,12,8
2026-04-01 15:30:00,2,15,30,12,14.19,7.04,25.58,0.55,3,0.15,0.0,0,0,8,6
2026-04-01 15:45:00,2,15,45,8,16.39,9.5,18.94,0.87,3,0.5,0.0,0,0,8,4
2026-04-01 16:00:00,2,16,0,8,12.07,8.27,21.76,0.55,3,0.32,0.0,0,0,6,2
2026-04-01 16:15:00,2,16,15,6,14.14,8.71,20.68,0.68,3,0.39,0.0,0,0,4,0
2026-04-01 16:30:00,2,16,30,4,12.75,9.44,19.06,0.67,3,0.49,0.0,0,0,2,0
2026-04-01 16:45:00,2,16,45,2,12.62,6.06,29.7,0.43,3,0.01,0.0,0,0,0,0
2026-04-01 17:00:00,2,17,0,0,14.21,8.05,22.36,0.64,3,0.29,0.0,0,0,0,2
2026-04-01 17:15:00,2,17,15,0,15.25,9.45,19.05,0.8,3,0.49,0.0,0,0,0,1
2026-04-01 17:30:00,2,17,30,0,28.58,8.75,20.58,1.39,3,0.39,0.0,0,1,2,10
2026-04-01 17:45:00,2,17,45,2,12.76,11.06,16.27,0.78,3,0.72,0.0,0,0,1,10
2026-04-02 09:00:00,3,9,0,6,34.81,9.43,19.08,1.82,3,0.49,0.0,0,0,10,14
2026-04-02 09:15:00,3,9,15,10,24.38,8.15,22.09,1.1,3,0.31,0.0,0,0,10,18
2026-04-02 09:30:00,3,9,30,10,27.38,9.77,12.29,2.23,2,0.54,0.0,1,0,14,20
2026-04-02 09:45:00,3,9,45,14,39.4,8.45,21.3,1.85,3,0.35,0.0,0,0,18,23
2026-04-02 10:00:00,3,10,0,18,30.17,7.55,23.85,1.26,3,0.22,0.0,0,0,20,26
2026-04-02 10:15:00,3,10,15,20,32.32,10.02,17.96,1.8,3,0.57,0.0,0,0,23,28
2026-04-02 10:30:00,3,10,30,23,28.65,10.61,16.96,1.69,3,0.66,0.0,0,0,26,27
2026-04-02 10:45:00,3,10,45,26,29.45,10.39,17.32,1.7,3,0.63,0.0,0,0,28,26
2026-04-02 11:00:00,3,11,0,28,11.04,9.81,18.35,0.6,3,0.54,0.0,0,0,27,27
2026-04-02 11:15:00,3,11,15,27,18.86,8.9,20.23,0.93,3,0.41,0.0,0,0,26,26
2026-04-02 11:30:00,3,11,30,26,23.71,9.03,19.93,1.19,3,0.43,0.0,0,0,27,24
2026-04-02 11:45:00,3,11,45,27,19.45,8.79,20.49,0.95,3,0.4,0.0,0,0,26,24
2026-04-02 12:00:00,3,12,0,26,17.37,6.89,26.11,0.67,3,0.13,0.0,0,0,24,22
2026-04-02 12:15:00,3,12,15,24,20.81,11.54,15.6,1.33,3,0.79,0.0,0,0,24,18
2026-04-02 12:30:00,3,12,30,24,15.45,7.95,22.63,0.68,3,0.28,0.0,0,0,22,16
2026-04-02 12:45:00,3,12,45,22,14.04,7.2,25.0,0.56,3,0.17,0.0,0,0,18,17
2026-04-02 13:00:00,3,13,0,18,11.94,8.35,21.55,0.55,3,0.34,0.0,0,0,16,14
2026-04-02 13:15:00,3,13,15,16,26.97,8.23,21.86,1.23,3,0.32,0.0,0,1,17,11
2026-04-02 13:30:00,3,13,30,17,8.52,7.91,22.75,0.37,3,0.27,0.0,0,0,14,11
2026-04-02 13:45:00,3,13,45,14,10.22,6.56,18.28,0.56,2,0.08,0.0,1,0,11,18
2026-04-02 14:00:00,3,14,0,11,19.77,7.61,23.64,0.84,3,0.23,0.0,0,0,11,20
2026-04-02 14:15:00,3,14,15,11,40.27,10.29,11.66,3.45,2,0.61,0.0,1,1,18,18
2026-04-02 14:30:00,3,14,30,18,12.93,13.53,8.87,1.46,2,0.37,4.94,1,0,20,15
2026-04-02 14:45:00,3,14,45,20,20.34,6.37,28.28,0.72,3,0.05,0.0,0,0,18,17
2026-04-02 15:00:00,3,15,0,18,13.52,8.67,20.77,0.65,3,0.38,0.0,0,0,15,17
2026-04-02 15:15:00,3,15,15,15,21.09,10.57,17.04,1.24,3,0.65,0.0,0,0,17,20
2026-04-02 15:30:00,3,15,30,17,16.95,8.97,20.08,0.84,3,0.42,0.0,0,0,17,19
2026-04-02 15:45:00,3,15,45,17,27.2,9.18,19.61,1.39,3,0.45,0.0,0,1,20,18
2026-04-02 16:00:00,3,16,0,20,9.72,9.74,18.49,0.53,3,0.53,0.0,0,0,19,17
2026-04-02 16:15:00,3,16,15,19,15.35,9.47,19.02,0.81,3,0.5,0.0,0,0,18,16
2026-04-02 16:30:00,3,16,30,18,14.12,7.96,22.62,0.62,3,0.28,0.0,0,0,17,15
2026-04-02 16:45:00,3,16,45,17,11.86,9.81,18.35,0.65,3,0.54,0.0,0,0,16,13
2026-04-02 17:00:00,3,17,0,16,16.6,9.2,19.57,0.85,3,0.46,0.0,0,0,15,15
2026-04-02 17:15:00,3,17,15,15,11.79,8.59,20.95,0.56,3,0.37,0.0,0,0,13,13
2026-04-02 17:30:00,3,17,30,13,19.01,12.87,13.98,1.36,3,0.31,4.7,0,0,15,16
2026-04-02 17:45:00,3,17,45,15,10.8,8.56,21.04,0.51,3,0.37,0.0,0,0,13,22
2026-04-03 09:00:00,4,9,0,14,31.99,7.72,23.32,1.37,3,0.25,0.0,0,0,16,25
2026-04-03 09:15:00,4,9,15,16,39.05,9.75,18.45,2.12,3,0.54,0.0,0,0,22,27
2026-04-03 09:30:00,4,9,30,22,34.51,8.11,22.2,1.55,3,0.3,0.0,0,0,25,30
2026-04-03 09:45:00,4,9,45,25,38.06,7.18,25.06,1.52,3,0.17,0.0,0,0,27,33
2026-04-03 10:00:00,4,10,0,27,36.52,7.08,25.44,1.44,3,0.15,0.0,0,0,30,37
2026-04-03 10:15:00,4,10,15,30,35.92,8.88,20.26,1.77,3,0.41,0.0,0,0,33,39
2026-04-03 10:30:00,4,10,30,33,35.51,8.12,22.17,1.6,3,0.3,0.0,0,0,37,40
2026-04-03 10:45:00,4,10,45,37,35.02,8.28,21.73,1.61,3,0.33,0.0,0,0,39,40
2026-04-03 11:00:00,4,11,0,39,22.63,7.7,23.38,0.97,3,0.24,0.0,0,0,40,42
2026-04-03 11:15:00,4,11,15,40,21.89,11.22,16.05,1.36,3,0.75,0.0,0,0,40,42
2026-04-03 11:30:00,4,11,30,40,24.33,8.98,20.05,1.21,3,0.43,0.0,0,0,42,43
2026-04-03 11:45:00,4,11,45,42,20.51,13.46,13.37,1.53,3,0.47,4.14,0,0,42,40
2026-04-03 12:00:00,4,12,0,42,18.84,8.71,13.78,1.37,2,0.39,0.0,1,0,43,39
2026-04-03 12:15:00,4,12,15,43,16.59,6.57,27.38,0.61,3,0.08,0.0,0,0,40,37
2026-04-03 12:30:00,4,12,30,40,15.44,8.48,21.22,0.73,3,0.35,0.0,0,0,39,37
2026-04-03 12:45:00,4,12,45,39,16.77,9.7,18.55,0.9,3,0.53,0.0,0,0,37,36
2026-04-03 13:00:00,4,13,0,37,11.84,8.16,14.7,0.81,2,0.31,0.0,1,0,37,36
2026-04-03 13:15:00,4,13,15,37,14.18,10.3,17.47,0.81,3,0.61,0.0,0,0,36,35
2026-04-03 13:30:00,4,13,30,36,12.61,9.45,19.05,0.66,3,0.49,0.0,0,0,36,35
2026-04-03 13:45:00,4,13,45,36,15.99,7.59,23.71,0.67,3,0.23,0.0,0,0,35,36
2026-04-03 14:00:00,4,14,0,35,25.22,7.6,23.69,1.06,3,0.23,0.0,0,0,35,35
2026-04-03 14:15:00,4,14,15,35,20.87,9.37,19.21,1.09,3,0.48,0.0,0,0,36,36
2026-04-03 14:30:00,4,14,30,36,21.46,6.59,27.33,0.79,3,0.08,0.0,0,0,35,37
2026-04-03 14:45:00,4,14,45,35,25.68,9.74,18.47,1.39,3,0.53,0.0,0,0,36,39
2026-04-03 15:00:00,4,15,0,36,18.78,9.12,19.74,0.95,3,0.45,0.0,0,0,37,36
2026-04-03 15:15:00,4,15,15,37,21.22,13.64,13.2,1.61,3,0.59,3.52,0,0,39,35
2026-04-03 15:30:00,4,15,30,39,19.38,6.96,25.88,0.75,3,0.14,0.0,0,0,36,34
2026-04-03 15:45:00,4,15,45,36,19.97,8.91,20.21,0.99,3,0.42,0.0,0,0,35,33
2026-04-03 16:00:00,4,16,0,35,15.07,8.24,21.84,0.69,3,0.32,0.0,0,0,34,31
2026-04-03 16:15:00,4,16,15,34,17.12,8.11,22.2,0.77,3,0.3,0.0,0,0,33,31
2026-04-03 16:30:00,4,16,30,33,18.08,7.77,23.16,0.78,3,0.25,0.0,0,0,31,29
2026-04-03 16:45:00,4,16,45,31,17.84,8.84,20.36,0.88,3,0.41,0.0,0,0,31,26
2026-04-03 17:00:00,4,17,0,31,20.98,6.78,26.56,0.79,3,0.11,0.0,0,0,29,26
2026-04-03 17:15:00,4,17,15,29,15.65,8.0,22.5,0.7,3,0.29,0.0,0,0,26,27
2026-04-03 17:30:00,4,17,30,26,18.86,6.67,26.98,0.7,3,0.1,0.0,0,0,26,9
2026-04-03 17:45:00,4,17,45,26,16.82,9.15,19.66,0.86,3,0.45,0.0,0,0,27,15
2026-04-06 09:00:00,0,9,0,6,38.18,7.01,25.69,1.49,3,0.14,0.0,0,0,9,21
2026-04-06 09:15:00,0,9,15,9,45.36,9.16,19.66,2.31,3,0.45,0.0,0,0,15,26
2026-04-06 09:30:00,0,9,30,15,44.88,10.39,17.32,2.59,3,0.63,0.0,0,0,21,32
2026-04-06 09:45:00,0,9,45,21,39.5,9.72,18.52,2.13,3,0.53,0.0,0,0,26,40
2026-04-06 10:00:00,0,10,0,26,36.02,13.61,13.22,2.72,3,0.39,4.91,0,0,32,44
2026-04-06 10:15:00,0,10,15,32,52.18,9.49,18.97,2.75,3,0.5,0.0,0,1,40,47
2026-04-06 10:30:00,0,10,30,40,35.81,8.71,20.66,1.73,3,0.39,0.0,0,0,44,48
2026-04-06 10:45:00,0,10,45,44,34.36,8.84,20.37,1.69,3,0.41,0.0,0,0,47,51
2026-04-06 11:00:00,0,11,0,47,26.01,8.62,20.89,1.25,3,0.37,0.0,0,0,48,50
2026-04-06 11:15:00,0,11,15,48,29.7,10.89,16.53,1.8,3,0.7,0.0,0,0,51,49
2026-04-06 11:30:00,0,11,30,51,25.36,6.95,25.88,0.98,3,0.14,0.0,0,0,50,49
2026-04-06 11:45:00,0,11,45,50,23.09,6.73,26.73,0.86,3,0.1,0.0,0,0,49,48
2026-04-06 12:00:00,0,12,0,49,22.67,9.53,18.89,1.2,3,0.5,0.0,0,0,49,52
2026-04-06 12:15:00,0,12,15,49,25.31,6.58,27.37,0.92,3,0.08,0.0,0,0,48,55
2026-04-06 12:30:00,0,12,30,48,26.64,11.33,10.59,2.51,2,0.76,0.0,1,0,52,56
2026-04-06 12:45:00,0,12,45,52,26.06,8.78,13.66,1.91,2,0.4,0.0,1,0,55,55
2026-04-06 13:00:00,0,13,0,55,16.72,7.18,16.72,1.0,2,0.17,0.0,1,0,56,53
2026-04-06 13:15:00,0,13,15,56,19.22,9.29,19.37,0.99,3,0.47,0.0,0,0,55,55
2026-04-06 13:30:00,0,13,30,55,19.91,6.47,27.8,0.72,3,0.07,0.0,0,0,53,54
2026-04-06 13:45:00,0,13,45,53,21.6,8.71,20.67,1.05,3,0.39,0.0,0,0,55,54
2026-04-06 14:00:00,0,14,0,55,19.97,6.5,27.69,0.72,3,0.07,0.0,0,0,54,55
2026-04-06 14:15:00,0,14,15,54,24.49,7.85,22.93,1.07,3,0.26,0.0,0,0,54,57
2026-04-06 14:30:00,0,14,30,54,20.19,9.37,19.21,1.05,3,0.48,0.0,0,0,55,59
2026-04-06 14:45:00,0,14,45,55,28.02,9.1,19.77,1.42,3,0.44,0.0,0,0,57,60
2026-04-06 15:00:00,0,15,0,57,24.11,11.3,15.93,1.51,3,0.76,0.0,0,0,59,62
2026-04-06 15:15:00,0,15,15,59,23.79,8.09,22.26,1.07,3,0.3,0.0,0,0,60,64
2026-04-06 15:30:00,0,15,30,60,23.45,11.85,15.2,1.54,3,0.84,0.0,0,0,62,63
2026-04-06 15:45:00,0,15,45,62,28.06,10.78,16.7,1.68,3,0.68,0.0,0,0,64,66
2026-04-06 16:00:00,0,16,0,64,18.73,8.5,21.18,0.88,3,0.36,0.0,0,0,63,67
2026-04-06 16:15:00,0,16,15,63,24.12,9.7,12.37,1.95,2,0.53,0.0,1,0,66,67
2026-04-06 16:30:00,0,16,30,66,24.64,8.13,22.14,1.11,3,0.3,0.0,0,0,67,66
2026-04-06 16:45:00,0,16,45,67,26.19,7.4,24.34,1.08,3,0.2,0.0,0,0,67,66
2026-04-06 17:00:00,0,17,0,67,26.15,6.47,27.83,0.94,3,0.07,0.0,0,0,66,65
2026-04-06 17:15:00,0,17,15,66,22.62,6.44,27.96,0.81,3,0.06,0.0,0,0,66,64
2026-04-06 17:30:00,0,17,30,66,22.76,7.41,24.29,0.94,3,0.2,0.0,0,0,65,17
2026-04-06 17:45:00,0,17,45,65,16.76,9.21,19.54,0.86,3,0.46,0.0,0,0,64,21
2026-04-07 09:00:00,1,9,0,14,29.58,9.49,18.98,1.56,3,0.5,0.0,0,0,17,21
2026-04-07 09:15:00,1,9,15,17,32.17,11.23,16.03,2.01,3,0.75,0.0,0,0,21,25
2026-04-07 09:30:00,1,9,30,21,26.45,7.18,25.08,1.05,3,0.17,0.0,0,0,21,27
2026-04-07 09:45:00,1,9,45,21,32.02,10.18,17.68,1.81,3,0.6,0.0,0,0,25,27
2026-04-07 10:00:00,1,10,0,25,28.9,9.98,18.04,1.6,3,0.57,0.0,0,0,27,29
2026-04-07 10:15:00,1,10,15,27,26.81,7.88,22.84,1.17,3,0.27,0.0,0,0,27,31
2026-04-07 10:30:00,1,10,30,27,27.94,7.32,24.6,1.14,3,0.19,0.0,0,0,29,31
2026-04-07 10:45:00,1,10,45,29,30.56,9.8,18.37,1.66,3,0.54,0.0,0,0,31,31
2026-04-07 11:00:00,1,11,0,31,19.72,7.84,22.97,0.86,3,0.26,0.0,0,0,31,31
2026-04-07 11:15:00,1,11,15,31,15.54,8.95,20.11,0.77,3,0.42,0.0,0,0,31,29
2026-04-07 11:30:00,1,11,30,31,21.98,7.38,24.4,0.9,3,0.2,0.0,0,0,31,30
2026-04-07 11:45:00,1,11,45,31,18.23,7.19,25.05,0.73,3,0.17,0.0,0,0,29,27
2026-04-07 12:00:00,1,12,0,29,24.88,10.28,17.5,1.42,3,0.61,0.0,0,0,30,24
2026-04-07 12:15:00,1,12,15,30,15.47,8.28,21.74,0.71,3,0.33,0.0,0,0,27,24
2026-04-07 12:30:00,1,12,30,27,18.59,6.4,28.1,0.66,3,0.06,0.0,0,0,24,22
2026-04-07 12:45:00,1,12,45,24,16.6,9.25,19.47,0.85,3,0.46,0.0,0,0,24,20
2026-04-07 13:00:00,1,13,0,24,11.53,10.97,16.41,0.7,3,0.71,0.0,0,0,22,22
2026-04-07 13:15:00,1,13,15,22,15.03,9.5,18.95,0.79,3,0.5,0.0,0,0,20,20
2026-04-07 13:30:00,1,13,30,20,27.02,9.37,19.21,1.41,3,0.48,0.0,0,1,22,21
2026-04-07 13:45:00,1,13,45,22,11.44,9.08,19.82,0.58,3,0.44,0.0,0,0,20,21
2026-04-07 14:00:00,1,14,0,20,16.83,10.84,16.61,1.01,3,0.69,0.0,0,0,21,19
2026-04-07 14:15:00,1,14,15,21,19.28,8.04,22.39,0.86,3,0.29,0.0,0,0,21,22
2026-04-07 14:30:00,1,14,30,21,15.56,8.4,21.42,0.73,3,0.34,0.0,0,0,19,16
2026-04-07 14:45:00,1,14,45,19,23.8,13.67,13.17,1.81,3,0.57,3.67,0,0,22,16
2026-04-07 15:00:00,1,15,0,22,8.45,6.45,27.91,0.3,3,0.06,0.0,0,0,16,14
2026-04-07 15:15:00,1,15,15,16,13.17,11.42,15.76,0.84,3,0.77,0.0,0,0,16,16
2026-04-07 15:30:00,1,15,30,16,17.19,7.5,23.99,0.72,3,0.21,0.0,0,0,14,15
2026-04-07 15:45:00,1,15,45,14,17.49,11.27,15.97,1.1,3,0.42,2.37,0,0,16,13
2026-04-07 16:00:00,1,16,0,16,12.72,7.68,15.62,0.81,2,0.24,0.0,1,0,15,10
2026-04-07 16:15:00,1,16,15,15,18.63,7.34,24.51,0.76,3,0.19,0.0,0,0,13,10
2026-04-07 16:30:00,1,16,30,13,11.72,8.35,21.56,0.54,3,0.03,2.12,0,0,10,11
2026-04-07 16:45:00,1,16,45,10,16.27,7.23,16.59,0.98,2,0.18,0.0,1,0,10,8
2026-04-07 17:00:00,1,17,0,10,9.83,11.91,10.08,0.98,2,0.84,0.0,1,0,11,7
2026-04-07 17:15:00,1,17,15,11,8.68,10.39,17.33,0.5,3,0.63,0.0,0,0,8,4
2026-04-07 17:30:00,1,17,30,8,11.14,11.96,15.05,0.74,3,0.85,0.0,0,0,7,14
2026-04-07 17:45:00,1,17,45,7,14.3,8.56,21.03,0.68,3,0.37,0.0,0,0,4,16
2026-04-08 09:00:00,2,9,0,11,34.96,8.51,21.14,1.65,3,0.36,0.0,0,0,14,19
2026-04-08 09:15:00,2,9,15,14,27.55,8.68,20.74,1.33,3,0.38,0.0,0,0,16,22
2026-04-08 09:30:00,2,9,30,16,32.33,8.98,20.05,1.61,3,0.43,0.0,0,0,19,24
2026-04-08 09:45:00,2,9,45,19,32.36,8.7,20.68,1.57,3,0.39,0.0,0,0,22,27
2026-04-08 10:00:00,2,10,0,22,26.81,9.08,19.82,1.35,3,0.44,0.0,0,0,24,28
2026-04-08 10:15:00,2,10,15,24,34.34,8.6,20.93,1.64,3,0.37,0.0,0,0,27,31
2026-04-08 10:30:00,2,10,30,27,25.06,8.49,21.21,1.18,3,0.36,0.0,0,0,28,31
2026-04-08 10:45:00,2,10,45,28,31.03,9.62,18.71,1.66,3,0.52,0.0,0,0,31,32
2026-04-08 11:00:00,2,11,0,31,16.26,10.75,16.75,0.97,3,0.68,0.0,0,0,31,30
2026-04-08 11:15:00,2,11,15,31,22.41,10.69,16.85,1.33,3,0.67,0.0,0,0,32,32
2026-04-08 11:30:00,2,11,30,32,14.17,8.78,20.5,0.69,3,0.4,0.0,0,0,30,33
2026-04-08 11:45:00,2,11,45,30,19.82,11.18,16.1,1.23,3,0.11,4.41,0,0,32,34
2026-04-08 12:00:00,2,12,0,32,24.83,11.65,15.46,1.61,3,0.81,0.0,0,0,33,33
2026-04-08 12:15:00,2,12,15,33,20.48,10.54,17.07,1.2,3,0.65,0.0,0,0,34,30
2026-04-08 12:30:00,2,12,30,34,18.05,9.74,18.49,0.98,3,0.53,0.0,0,0,33,28
2026-04-08 12:45:00,2,12,45,33,19.85,6.29,28.61,0.69,3,0.04,0.0,0,0,30,26
2026-04-08 13:00:00,2,13,0,30,15.51,6.73,26.75,0.58,3,0.1,0.0,0,0,28,23
2026-04-08 13:15:00,2,13,15,28,13.03,9.11,19.77,0.66,3,0.44,0.0,0,0,26,23
2026-04-08 13:30:00,2,13,30,26,10.02,10.35,17.4,0.58,3,0.62,0.0,0,0,23,20
2026-04-08 13:45:00,2,13,45,23,11.03,13.57,8.84,1.25,2,0.39,4.84,1,0,23,19
2026-04-08 14:00:00,2,14,0,23,16.88,7.03,25.59,0.66,3,0.15,0.0,0,0,20,16
2026-04-08 14:15:00,2,14,15,20,21.84,7.25,24.82,0.88,3,0.18,0.0,0,0,19,16
2026-04-08 14:30:00,2,14,30,19,10.02,8.78,20.51,0.49,3,0.4,0.0,0,0,16,18
2026-04-08 14:45:00,2,14,45,16,20.12,8.91,20.19,1.0,3,0.42,0.0,0,0,16,17
2026-04-08 15:00:00,2,15,0,16,19.94,11.61,15.5,1.29,3,0.8,0.0,0,0,18,18
2026-04-08 15:15:00,2,15,15,18,17.1,7.61,23.64,0.72,3,0.23,0.0,0,0,17,16
2026-04-08 15:30:00,2,15,30,17,22.75,10.03,17.94,1.27,3,0.58,0.0,0,0,18,15
2026-04-08 15:45:00,2,15,45,18,22.24,6.32,28.46,0.78,3,0.05,0.0,0,0,16,14
2026-04-08 16:00:00,2,16,0,16,13.75,8.61,20.9,0.66,3,0.37,0.0,0,0,15,13
2026-04-08 16:15:00,2,16,15,15,16.16,7.83,22.98,0.7,3,0.26,0.0,0,0,14,9
2026-04-08 16:30:00,2,16,30,14,13.89,11.27,15.98,0.87,3,0.75,0.0,0,0,13,5
2026-04-08 16:45:00,2,16,45,13,10.07,7.3,24.65,0.41,3,0.19,0.0,0,0,9,1
2026-04-08 17:00:00,2,17,0,9,12.76,7.85,22.93,0.56,3,0.26,0.0,0,0,5,0
2026-04-08 17:15:00,2,17,15,5,8.33,8.95,20.11,0.41,3,0.42,0.0,0,0,1,0
2026-04-08 17:30:00,2,17,30,1,13.65,7.77,23.16,0.59,3,0.25,0.0,0,0,0,11
2026-04-08 17:45:00,2,17,45,0,14.96,8.98,20.03,0.75,3,0.43,0.0,0,0,0,15
2026-04-09 09:00:00,3,9,0,8,26.64,11.74,10.22,2.61,2,0.82,0.0,1,0,11,19
2026-04-09 09:15:00,3,9,15,11,34.38,9.82,18.34,1.87,3,0.55,0.0,0,0,15,21
2026-04-09 09:30:00,3,9,30,15,29.28,10.45,11.48,2.55,2,0.64,0.0,1,0,19,25
2026-04-09 09:45:00,3,9,45,19,30.28,8.16,22.05,1.37,3,0.31,0.0,0,0,21,29
2026-04-09 10:00:00,3,10,0,21,31.6,12.33,14.6,2.16,3,0.9,0.0,0,0,25,31
2026-04-09 10:15:00,3,10,15,25,34.14,11.16,16.13,2.12,3,0.29,3.14,0,0,29,35
2026-04-09 10:30:00,3,10,30,29,29.86,9.78,18.41,1.62,3,0.54,0.0,0,0,31,33
2026-04-09 10:45:00,3,10,45,31,32.83,8.85,20.34,1.61,3,0.41,0.0,0,0,35,34
2026-04-09 11:00:00,3,11,0,35,16.82,8.24,21.83,0.77,3,0.32,0.0,0,0,33,32
2026-04-09 11:15:00,3,11,15,33,20.86,10.57,17.03,1.22,3,0.65,0.0,0,0,34,31
2026-04-09 11:30:00,3,11,30,34,15.96,7.72,23.32,0.68,3,0.25,0.0,0,0,32,29
2026-04-09 11:45:00,3,11,45,32,17.57,7.91,22.77,0.77,3,0.27,0.0,0,0,31,30
2026-04-09 12:00:00,3,12,0,31,21.49,7.09,25.38,0.85,3,0.16,0.0,0,0,29,30
2026-04-09 12:15:00,3,12,15,29,18.62,11.58,15.54,1.2,3,0.8,0.0,0,0,30,29
2026-04-09 12:30:00,3,12,30,30,15.29,11.41,15.77,0.97,3,0.77,0.0,0,0,30,27
2026-04-09 12:45:00,3,12,45,30,21.54,7.66,23.49,0.92,3,0.24,0.0,0,0,29,27
2026-04-09 13:00:00,3,13,0,29,10.83,11.11,16.2,0.67,3,0.73,0.0,0,0,27,25
2026-04-09 13:15:00,3,13,15,27,10.79,12.23,14.72,0.73,3,0.89,0.0,0,0,27,25
2026-04-09 13:30:00,3,13,30,27,12.36,8.57,21.0,0.59,3,0.37,0.0,0,0,25,25
2026-04-09 13:45:00,3,13,45,25,16.6,10.54,17.08,0.97,3,0.65,0.0,0,0,25,24
2026-04-09 14:00:00,3,14,0,25,17.53,9.86,18.26,0.96,3,0.55,0.0,0,0,25,22
2026-04-09 14:15:00,3,14,15,25,18.23,8.11,22.19,0.82,3,0.3,0.0,0,0,24,21
2026-04-09 14:30:00,3,14,30,24,18.65,8.61,20.9,0.89,3,0.37,0.0,0,0,22,22
2026-04-09 14:45:00,3,14,45,22,16.63,9.91,18.17,0.92,3,0.56,0.0,0,0,21,20
2026-04-09 15:00:00,3,15,0,21,19.39,11.85,15.19,1.28,3,0.84,0.0,0,0,22,20
2026-04-09 15:15:00,3,15,15,22,13.33,9.19,19.59,0.68,3,0.46,0.0,0,0,20,19
2026-04-09 15:30:00,3,15,30,20,14.33,8.85,20.34,0.7,3,0.41,0.0,0,0,20,17
2026-04-09 15:45:00,3,15,45,20,19.28,7.95,22.64,0.85,3,0.28,0.0,0,0,19,19
2026-04-09 16:00:00,3,16,0,19,7.9,7.91,15.18,0.52,2,0.27,0.0,1,0,17,18
2026-04-09 16:15:00,3,16,15,17,16.3,9.4,19.15,0.85,3,0.49,0.0,0,0,19,18
2026-04-09 16:30:00,3,16,30,19,19.35,8.53,21.1,0.92,3,0.36,0.0,0,0,18,17
2026-04-09 16:45:00,3,16,45,18,20.58,7.68,23.44,0.88,3,0.24,0.0,0,0,18,15
2026-04-09 17:00:00,3,17,0,18,16.64,9.02,19.96,0.83,3,0.06,2.62,0,0,17,14
2026-04-09 17:15:00,3,17,15,17,9.29,11.01,16.35,0.57,3,0.72,0.0,0,0,15,13
2026-04-09 17:30:00,3,17,30,15,15.31,11.21,16.06,0.95,3,0.74,0.0,0,0,14,8
2026-04-09 17:45:00,3,17,45,14,8.92,10.69,16.84,0.53,3,0.67,0.0,0,0,13,11
2026-04-10 09:00:00,4,9,0,7,30.86,7.01,25.67,1.2,3,0.14,0.0,0,0,8,15
2026-04-10 09:15:00,4,9,15,8,32.66,10.14,17.75,1.84,3,0.59,0.0,0,0,11,17
2026-04-10 09:30:00,4,9,30,11,30.56,8.57,20.99,1.46,3,0.37,0.0,0,0,15,20
2026-04-10 09:45:00,4,9,45,15,29.03,7.88,22.85,1.27,3,0.27,0.0,0,0,17,21
2026-04-10 10:00:00,4,10,0,17,33.85,8.86,20.31,1.67,3,0.41,0.0,0,0,20,25
2026-04-10 10:15:00,4,10,15,20,29.22,9.0,20.01,1.46,3,0.43,0.0,0,0,21,30
2026-04-10 10:30:00,4,10,30,21,31.13,8.24,21.85,1.42,3,0.32,0.0,0,0,25,34
2026-04-10 10:45:00,4,10,45,25,39.77,12.14,14.83,2.68,3,0.88,0.0,0,0,30,34
2026-04-10 11:00:00,4,11,0,30,25.18,8.72,13.76,1.83,2,0.39,0.0,1,0,34,37
2026-04-10 11:15:00,4,11,15,34,19.96,11.22,16.05,1.24,3,0.75,0.0,0,0,34,38
2026-04-10 11:30:00,4,11,30,34,21.88,11.92,10.07,2.17,2,0.85,0.0,1,0,37,38
2026-04-10 11:45:00,4,11,45,37,24.62,7.86,22.9,1.08,3,0.27,0.0,0,0,38,39
2026-04-10 12:00:00,4,12,0,38,17.55,9.44,19.07,0.92,3,0.49,0.0,0,0,38,37
2026-04-10 12:15:00,4,12,15,38,18.79,13.58,13.25,1.42,3,0.38,4.93,0,0,39,38
2026-04-10 12:30:00,4,12,30,39,19.33,8.9,20.22,0.96,3,0.41,0.0,0,0,37,36
2026-04-10 12:45:00,4,12,45,37,18.57,9.61,18.73,0.99,3,0.52,0.0,0,0,38,36
2026-04-10 13:00:00,4,13,0,38,16.63,6.97,25.82,0.64,3,0.14,0.0,0,0,36,37
2026-04-10 13:15:00,4,13,15,36,15.5,8.75,20.57,0.75,3,0.39,0.0,0,0,36,40
2026-04-10 13:30:00,4,13,30,36,13.16,11.86,10.12,1.3,2,0.84,0.0,1,0,37,43
2026-04-10 13:45:00,4,13,45,37,34.41,6.79,26.5,1.3,3,0.11,0.0,0,1,40,44
2026-04-10 14:00:00,4,14,0,40,34.62,8.06,22.32,1.55,3,0.29,0.0,0,1,43,43
2026-04-10 14:15:00,4,14,15,43,23.31,9.77,18.42,1.27,3,0.54,0.0,0,0,44,45
2026-04-10 14:30:00,4,14,30,44,22.21,7.86,22.9,0.97,3,0.27,0.0,0,0,43,45
2026-04-10 14:45:00,4,14,45,43,20.84,9.38,12.79,1.63,2,0.48,0.0,1,0,45,46
2026-04-10 15:00:00,4,15,0,45,17.08,9.48,18.98,0.9,3,0.5,0.0,0,0,45,47
2026-04-10 15:15:00,4,15,15,45,22.12,10.82,16.63,1.33,3,0.69,0.0,0,0,46,45
2026-04-10 15:30:00,4,15,30,46,23.22,9.23,19.5,1.19,3,0.46,0.0,0,0,47,47
2026-04-10 15:45:00,4,15,45,47,16.43,9.81,18.35,0.9,3,0.54,0.0,0,0,45,47
2026-04-10 16:00:00,4,16,0,45,17.78,11.42,15.76,1.13,3,0.77,0.0,0,0,47,46
2026-04-10 16:15:00,4,16,15,47,17.02,9.81,18.35,0.93,3,0.54,0.0,0,0,47,49
2026-04-10 16:30:00,4,16,30,47,19.07,8.12,22.18,0.86,3,0.3,0.0,0,0,46,47
2026-04-10 16:45:00,4,16,45,46,28.42,9.17,19.64,1.45,3,0.45,0.0,0,0,49,46
2026-04-10 17:00:00,4,17,0,49,14.22,7.03,25.62,0.56,3,0.15,0.0,0,0,47,46
2026-04-10 17:15:00,4,17,15,47,17.96,10.4,17.3,1.04,3,0.63,0.0,0,0,46,48
2026-04-10 17:30:00,4,17,30,46,16.97,8.25,21.81,0.78,3,0.32,0.0,0,0,46,13
2026-04-10 17:45:00,4,17,45,46,20.81,15.4,7.79,2.67,2,0.7,4.53,1,0,48,20
2026-04-13 09:00:00,0,9,0,13,35.88,7.04,25.58,1.4,3,0.15,0.0,0,0,13,25
2026-04-13 09:15:00,0,9,15,13,42.38,10.41,17.3,2.45,3,0.63,0.0,0,0,20,29
2026-04-13 09:30:00,0,9,30,20,35.2,9.91,18.17,1.94,3,0.56,0.0,0,0,25,34
2026-04-13 09:45:00,0,9,45,25,37.64,10.99,16.38,2.3,3,0.23,3.4,0,0,29,37
2026-04-13 10:00:00,0,10,0,29,36.22,8.26,21.8,1.66,3,0.32,0.0,0,0,34,40
2026-04-13 10:15:00,0,10,15,34,32.86,8.81,20.42,1.61,3,0.4,0.0,0,0,37,43
2026-04-13 10:30:00,0,10,30,37,36.21,9.36,19.23,1.88,3,0.48,0.0,0,0,40,45
2026-04-13 10:45:00,0,10,45,40,38.32,8.15,22.08,1.74,3,0.31,0.0,0,0,43,45
2026-04-13 11:00:00,0,11,0,43,25.51,11.36,15.84,1.61,3,0.77,0.0,0,0,45,49
2026-04-13 11:15:00,0,11,15,45,25.73,7.93,22.68,1.13,3,0.28,0.0,0,0,45,52
2026-04-13 11:30:00,0,11,30,45,22.87,14.72,8.15,2.81,2,0.62,4.42,1,0,49,53
2026-04-13 11:45:00,0,11,45,49,24.55,12.71,9.44,2.6,2,0.33,4.43,1,0,52,53
2026-04-13 12:00:00,0,12,0,52,28.78,9.68,18.59,1.55,3,0.53,0.0,0,0,53,56
2026-04-13 12:15:00,0,12,15,53,23.69,9.19,19.58,1.21,3,0.46,0.0,0,0,53,59
2026-04-13 12:30:00,0,12,30,53,20.88,13.93,12.92,1.62,3,0.5,4.41,0,0,56,62
2026-04-13 12:45:00,0,12,45,56,25.45,9.09,13.2,1.93,2,0.44,0.0,1,0,59,62
2026-04-13 13:00:00,0,13,0,59,22.57,11.42,10.51,2.15,2,0.77,0.0,1,0,62,60
2026-04-13 13:15:00,0,13,15,62,15.48,11.53,15.61,0.99,3,0.79,0.0,0,0,62,60
2026-04-13 13:30:00,0,13,30,62,15.37,8.33,21.61,0.71,3,0.33,0.0,0,0,60,61
2026-04-13 13:45:00,0,13,45,60,22.04,8.12,22.17,0.99,3,0.3,0.0,0,0,60,63
2026-04-13 14:00:00,0,14,0,60,22.07,8.23,21.88,1.01,3,0.32,0.0,0,0,61,65
2026-04-13 14:15:00,0,14,15,61,24.08,10.64,11.27,2.14,2,0.14,3.7,1,0,63,66
2026-04-13 14:30:00,0,14,30,63,28.1,8.69,20.71,1.36,3,0.38,0.0,0,0,65,68
2026-04-13 14:45:00,0,14,45,65,23.29,7.66,23.49,0.99,3,0.24,0.0,0,0,66,67
2026-04-13 15:00:00,0,15,0,66,23.69,10.61,16.96,1.4,3,0.66,0.0,0,0,68,72
2026-04-13 15:15:00,0,15,15,68,23.33,7.03,25.61,0.91,3,0.15,0.0,0,0,67,74
2026-04-13 15:30:00,0,15,30,67,41.87,8.9,20.23,2.07,3,0.41,0.0,0,1,72,72
2026-04-13 15:45:00,0,15,45,72,26.18,9.31,19.34,1.35,3,0.47,0.0,0,0,74,72
2026-04-13 16:00:00,0,16,0,74,19.73,8.27,21.75,0.91,3,0.32,0.0,0,0,72,72
2026-04-13 16:15:00,0,16,15,72,18.09,9.72,18.51,0.98,3,0.53,0.0,0,0,72,72
2026-04-13 16:30:00,0,16,30,72,24.2,6.95,25.9,0.93,3,0.14,0.0,0,0,72,71
2026-04-13 16:45:00,0,16,45,72,17.89,9.81,18.35,0.97,3,0.54,0.0,0,0,72,70
2026-04-13 17:00:00,0,17,0,72,16.59,9.2,19.56,0.85,3,0.46,0.0,0,0,71,67
2026-04-13 17:15:00,0,17,15,71,21.39,7.93,22.7,0.94,3,0.28,0.0,0,0,70,68
2026-04-13 17:30:00,0,17,30,70,13.92,6.84,26.33,0.53,3,0.12,0.0,0,0,67,13
2026-04-13 17:45:00,0,17,45,67,26.09,7.37,24.42,1.07,3,0.2,0.0,0,0,68,18
2026-04-14 09:00:00,1,9,0,12,28.66,8.14,22.12,1.3,3,0.31,0.0,0,0,13,20
2026-04-14 09:15:00,1,9,15,13,29.44,9.64,12.45,2.36,2,0.52,0.0,1,0,18,24
2026-04-14 09:30:00,1,9,30,18,30.99,7.99,22.52,1.38,3,0.28,0.0,0,0,20,28
2026-04-14 09:45:00,1,9,45,20,32.41,11.37,15.84,2.05,3,0.77,0.0,0,0,24,28
2026-04-14 10:00:00,1,10,0,24,32.97,8.91,20.19,1.63,3,0.42,0.0,0,0,28,32
2026-04-14 10:15:00,1,10,15,28,25.76,8.39,21.46,1.2,3,0.34,0.0,0,0,28,36
2026-04-14 10:30:00,1,10,30,28,31.34,12.02,14.98,2.09,3,0.5,2.53,0,0,32,35
2026-04-14 10:45:00,1,10,45,32,29.32,11.03,16.31,1.8,3,0.72,0.0,0,0,36,36
2026-04-14 11:00:00,1,11,0,36,19.88,7.08,25.43,0.78,3,0.15,0.0,0,0,35,33
2026-04-14 11:15:00,1,11,15,35,25.57,7.95,22.65,1.13,3,0.28,0.0,0,0,36,34
2026-04-14 11:30:00,1,11,30,36,16.72,7.97,22.57,0.74,3,0.28,0.0,0,0,33,32
2026-04-14 11:45:00,1,11,45,33,19.34,10.92,16.49,1.17,3,0.7,0.0,0,0,34,31
2026-04-14 12:00:00,1,12,0,34,16.97,8.22,21.9,0.78,3,0.32,0.0,0,0,32,32
2026-04-14 12:15:00,1,12,15,32,13.95,9.35,19.25,0.72,3,0.48,0.0,0,0,31,33
2026-04-14 12:30:00,1,12,30,31,18.61,10.01,17.98,1.04,3,0.57,0.0,0,0,32,30
2026-04-14 12:45:00,1,12,45,32,22.95,11.29,15.95,1.44,3,0.76,0.0,0,0,33,28
2026-04-14 13:00:00,1,13,0,33,11.98,6.66,27.04,0.44,3,0.09,0.0,0,0,30,26
2026-04-14 13:15:00,1,13,15,30,15.34,8.13,22.13,0.69,3,0.3,0.0,0,0,28,25
2026-04-14 13:30:00,1,13,30,28,10.4,9.65,18.66,0.56,3,0.52,0.0,0,0,26,26
2026-04-14 13:45:00,1,13,45,26,12.67,9.45,19.04,0.67,3,0.49,0.0,0,0,25,22
2026-04-14 14:00:00,1,14,0,25,18.78,9.5,12.63,1.49,2,0.5,0.0,1,0,26,19
2026-04-14 14:15:00,1,14,15,26,15.55,7.79,23.1,0.67,3,0.26,0.0,0,0,22,18
2026-04-14 14:30:00,1,14,30,22,16.8,8.01,22.46,0.75,3,0.29,0.0,0,0,19,16
2026-04-14 14:45:00,1,14,45,19,17.11,7.44,24.2,0.71,3,0.21,0.0,0,0,18,16
2026-04-14 15:00:00,1,15,0,18,13.36,9.03,19.94,0.67,3,0.43,0.0,0,0,16,14
2026-04-14 15:15:00,1,15,15,16,15.31,10.95,16.44,0.93,3,0.71,0.0,0,0,16,11
2026-04-14 15:30:00,1,15,30,16,16.15,6.74,17.81,0.91,2,0.11,0.0,1,0,14,11
2026-04-14 15:45:00,1,15,45,14,15.73,6.83,26.34,0.6,3,0.12,0.0,0,0,11,10
2026-04-14 16:00:00,1,16,0,11,17.21,9.42,19.1,0.9,3,0.49,0.0,0,0,11,13
2026-04-14 16:15:00,1,16,15,11,11.42,9.26,19.45,0.59,3,0.47,0.0,0,0,10,11
2026-04-14 16:30:00,1,16,30,10,31.1,8.36,21.52,1.44,3,0.34,0.0,0,1,13,10
2026-04-14 16:45:00,1,16,45,13,14.52,8.7,20.69,0.7,3,0.39,0.0,0,0,11,10
2026-04-14 17:00:00,1,17,0,11,14.65,8.19,14.66,1.0,2,0.31,0.0,1,0,10,8
2026-04-14 17:15:00,1,17,15,10,17.25,8.12,22.17,0.78,3,0.3,0.0,0,0,10,8
2026-04-14 17:30:00,1,17,30,10,14.37,9.42,19.1,0.75,3,0.49,0.0,0,0,8,12
2026-04-14 17:45:00,1,17,45,8,20.03,8.74,20.59,0.97,3,0.39,0.0,0,0,8,17
2026-04-15 09:00:00,2,9,0,10,29.48,7.6,23.7,1.24,3,0.23,0.0,0,0,12,21
2026-04-15 09:15:00,2,9,15,12,32.51,10.76,16.72,1.94,3,0.68,0.0,0,0,17,24
2026-04-15 09:30:00,2,9,30,17,31.45,9.9,18.18,1.73,3,0.56,0.0,0,0,21,27
2026-04-15 09:45:00,2,9,45,21,29.16,9.12,19.73,1.48,3,0.45,0.0,0,0,24,30
2026-04-15 10:00:00,2,10,0,24,31.07,7.45,24.15,1.29,3,0.21,0.0,0,0,27,33
2026-04-15 10:15:00,2,10,15,27,29.68,8.11,22.19,1.34,3,0.3,0.0,0,0,30,34
2026-04-15 10:30:00,2,10,30,30,33.13,9.42,19.1,1.73,3,0.49,0.0,0,0,33,32
2026-04-15 10:45:00,2,10,45,33,30.62,6.1,29.5,1.04,3,0.01,0.0,0,0,34,33
2026-04-15 11:00:00,2,11,0,34,17.78,9.99,18.02,0.99,3,0.57,0.0,0,0,32,34
2026-04-15 11:15:00,2,11,15,32,18.33,11.62,15.49,1.18,3,0.8,0.0,0,0,33,35
2026-04-15 11:30:00,2,11,30,33,30.49,7.87,22.87,1.33,3,0.27,0.0,0,1,34,33
2026-04-15 11:45:00,2,11,45,34,20.25,6.28,19.1,1.06,2,0.04,0.0,1,0,35,35
2026-04-15 12:00:00,2,12,0,35,18.87,6.96,25.84,0.73,3,0.14,0.0,0,0,33,35
2026-04-15 12:15:00,2,12,15,33,13.76,9.13,13.14,1.05,2,0.45,0.0,1,0,35,34
2026-04-15 12:30:00,2,12,30,35,23.52,8.47,21.25,1.11,3,0.35,0.0,0,0,35,35
2026-04-15 12:45:00,2,12,45,35,21.44,7.11,25.31,0.85,3,0.16,0.0,0,0,34,31
2026-04-15 13:00:00,2,13,0,34,16.07,12.47,14.43,1.11,3,0.54,2.71,0,0,35,27
2026-04-15 13:15:00,2,13,15,35,12.35,7.23,24.91,0.5,3,0.18,0.0,0,0,31,23
2026-04-15 13:30:00,2,13,30,31,9.04,8.11,22.19,0.41,3,0.3,0.0,0,0,27,22
2026-04-15 13:45:00,2,13,45,27,13.67,6.31,28.54,0.48,3,0.04,0.0,0,0,23,21
2026-04-15 14:00:00,2,14,0,23,17.65,8.6,20.93,0.84,3,0.37,0.0,0,0,22,21
2026-04-15 14:15:00,2,14,15,22,16.01,8.81,20.44,0.78,3,0.4,0.0,0,0,21,19
2026-04-15 14:30:00,2,14,30,21,23.27,8.19,21.97,1.06,3,0.31,0.0,0,0,21,19
2026-04-15 14:45:00,2,14,45,21,15.32,9.67,18.61,0.82,3,0.52,0.0,0,0,19,19
2026-04-15 15:00:00,2,15,0,19,20.83,8.69,20.71,1.01,3,0.38,0.0,0,0,19,20
2026-04-15 15:15:00,2,15,15,19,13.93,11.71,15.38,0.91,3,0.23,4.12,0,0,19,19
2026-04-15 15:30:00,2,15,30,19,21.54,9.52,18.91,1.14,3,0.5,0.0,0,0,20,19
2026-04-15 15:45:00,2,15,45,20,19.34,8.14,22.12,0.87,3,0.31,0.0,0,0,19,20
2026-04-15 16:00:00,2,16,0,19,25.26,8.79,20.48,1.23,3,0.4,0.0,0,1,19,17
2026-04-15 16:15:00,2,16,15,19,24.36,9.14,19.69,1.24,3,0.45,0.0,0,1,20,14
2026-04-15 16:30:00,2,16,30,20,10.62,8.36,21.52,0.49,3,0.34,0.0,0,0,17,13
2026-04-15 16:45:00,2,16,45,17,10.83,7.68,23.43,0.46,3,0.24,0.0,0,0,14,13
2026-04-15 17:00:00,2,17,0,14,14.61,9.02,19.96,0.73,3,0.43,0.0,0,0,13,14
2026-04-15 17:15:00,2,17,15,13,10.47,11.09,16.23,0.65,3,0.41,2.19,0,0,13,12
2026-04-15 17:30:00,2,17,30,13,17.74,9.66,12.43,1.43,2,0.52,0.0,1,0,14,7
2026-04-15 17:45:00,2,17,45,14,17.89,7.24,24.85,0.72,3,0.18,0.0,0,0,12,9
2026-04-16 09:00:00,3,9,0,6,27.91,8.55,21.06,1.33,3,0.36,0.0,0,0,7,10
2026-04-16 09:15:00,3,9,15,7,28.7,9.19,19.58,1.47,3,0.46,0.0,0,0,9,14
2026-04-16 09:30:00,3,9,30,9,27.88,7.65,23.53,1.19,3,0.24,0.0,0,0,10,18
2026-04-16 09:45:00,3,9,45,10,28.69,10.31,11.64,2.47,2,0.62,0.0,1,0,14,21
2026-04-16 10:00:00,3,10,0,14,30.54,8.95,20.12,1.52,3,0.42,0.0,0,0,18,25
2026-04-16 10:15:00,3,10,15,18,26.95,11.8,15.25,1.77,3,0.83,0.0,0,0,21,26
2026-04-16 10:30:00,3,10,30,21,28.25,7.65,15.7,1.8,2,0.24,0.0,1,0,25,25
2026-04-16 10:45:00,3,10,45,25,29.71,6.92,25.99,1.14,3,0.13,0.0,0,0,26,22
2026-04-16 11:00:00,3,11,0,26,15.1,9.07,19.86,0.76,3,0.44,0.0,0,0,25,18
2026-04-16 11:15:00,3,11,15,25,12.01,7.24,24.86,0.48,3,0.18,0.0,0,0,22,25
2026-04-16 11:30:00,3,11,30,22,16.84,6.57,27.41,0.61,3,0.08,0.0,0,0,18,25
2026-04-16 11:45:00,3,11,45,18,39.81,8.76,13.7,2.91,2,0.39,0.0,1,1,25,25
2026-04-16 12:00:00,3,12,0,25,18.52,9.01,13.32,1.39,2,0.43,0.0,1,0,25,25
2026-04-16 12:15:00,3,12,15,25,22.07,8.37,21.51,1.03,3,0.34,0.0,0,0,25,25
2026-04-16 12:30:00,3,12,30,25,19.63,6.69,17.94,1.09,2,0.1,0.0,1,0,25,22
2026-04-16 12:45:00,3,12,45,25,20.61,8.76,20.56,1.0,3,0.39,0.0,0,0,25,19
2026-04-16 13:00:00,3,13,0,25,11.91,7.07,25.48,0.47,3,0.15,0.0,0,0,22,18
2026-04-16 13:15:00,3,13,15,22,13.73,7.91,22.75,0.6,3,0.27,0.0,0,0,19,17
2026-04-16 13:30:00,3,13,30,19,16.89,7.04,25.58,0.66,3,0.15,0.0,0,0,18,16
2026-04-16 13:45:00,3,13,45,18,15.64,9.37,19.21,0.81,3,0.48,0.0,0,0,17,16
2026-04-16 14:00:00,3,14,0,17,15.63,8.82,20.42,0.77,3,0.4,0.0,0,0,16,16
2026-04-16 14:15:00,3,14,15,16,16.66,10.54,17.08,0.98,3,0.65,0.0,0,0,16,16
2026-04-16 14:30:00,3,14,30,16,17.36,10.27,17.53,0.99,3,0.61,0.0,0,0,16,16
2026-04-16 14:45:00,3,14,45,16,19.06,8.13,22.13,0.86,3,0.3,0.0,0,0,16,15
2026-04-16 15:00:00,3,15,0,16,17.54,9.74,18.48,0.95,3,0.53,0.0,0,0,16,16
2026-04-16 15:15:00,3,15,15,16,17.14,9.49,18.96,0.9,3,0.5,0.0,0,0,15,15
2026-04-16 15:30:00,3,15,30,15,21.95,8.44,21.34,1.03,3,0.35,0.0,0,0,16,13
2026-04-16 15:45:00,3,15,45,16,14.3,9.01,19.97,0.72,3,0.43,0.0,0,0,15,12
2026-04-16 16:00:00,3,16,0,15,11.0,7.96,22.6,0.49,3,0.28,0.0,0,0,13,9
2026-04-16 16:15:00,3,16,15,13,12.76,8.87,20.29,0.63,3,0.41,0.0,0,0,12,8
2026-04-16 16:30:00,3,16,30,12,14.51,7.65,23.52,0.62,3,0.24,0.0,0,0,9,10
2026-04-16 16:45:00,3,16,45,9,11.59,9.03,19.93,0.58,3,0.43,0.0,0,0,8,9
2026-04-16 17:00:00,3,17,0,8,19.86,10.77,16.71,1.19,3,0.68,0.0,0,0,10,6
2026-04-16 17:15:00,3,17,15,10,19.38,9.55,18.85,1.03,3,0.51,0.0,0,0,9,4
2026-04-16 17:30:00,3,17,30,9,13.52,7.59,23.72,0.57,3,0.23,0.0,0,0,6,9
2026-04-16 17:45:00,3,17,45,6,8.64,8.38,14.32,0.6,2,0.34,0.0,1,0,4,11
2026-04-17 09:00:00,4,9,0,5,33.5,11.64,15.46,2.17,3,0.81,0.0,0,0,9,15
2026-04-17 09:15:00,4,9,15,9,30.24,8.36,21.53,1.4,3,0.34,0.0,0,0,11,18
2026-04-17 09:30:00,4,9,30,11,34.45,9.04,19.91,1.73,3,0.43,0.0,0,0,15,24
2026-04-17 09:45:00,4,9,45,15,35.8,8.44,21.32,1.68,3,0.35,0.0,0,0,18,28
2026-04-17 10:00:00,4,10,0,18,34.58,11.09,10.82,3.19,2,0.73,0.0,1,0,24,31
2026-04-17 10:15:00,4,10,15,24,34.08,6.33,18.97,1.8,2,0.05,0.0,1,0,28,35
2026-04-17 10:30:00,4,10,30,28,35.29,7.98,22.56,1.56,3,0.28,0.0,0,0,31,39
2026-04-17 10:45:00,4,10,45,31,38.82,8.46,21.28,1.82,3,0.35,0.0,0,0,35,39
2026-04-17 11:00:00,4,11,0,35,19.52,10.31,11.63,1.68,2,0.62,0.0,1,0,39,38
2026-04-17 11:15:00,4,11,15,39,21.85,9.49,18.96,1.15,3,0.5,0.0,0,0,39,38
2026-04-17 11:30:00,4,11,30,39,20.11,8.41,21.41,0.94,3,0.34,0.0,0,0,38,37
2026-04-17 11:45:00,4,11,45,38,20.5,8.22,21.9,0.94,3,0.32,0.0,0,0,38,40
2026-04-17 12:00:00,4,12,0,38,17.74,7.49,24.05,0.74,3,0.21,0.0,0,0,37,41
2026-04-17 12:15:00,4,12,15,37,28.11,10.03,17.94,1.57,3,0.58,0.0,0,0,40,40
2026-04-17 12:30:00,4,12,30,40,21.93,11.63,15.47,1.42,3,0.8,0.0,0,0,41,40
2026-04-17 12:45:00,4,12,45,41,16.78,9.16,19.66,0.85,3,0.45,0.0,0,0,40,37
2026-04-17 13:00:00,4,13,0,40,17.75,8.92,20.19,0.88,3,0.42,0.0,0,0,40,34
2026-04-17 13:15:00,4,13,15,40,10.7,8.05,22.37,0.48,3,0.29,0.0,0,0,37,32
2026-04-17 13:30:00,4,13,30,37,14.63,7.82,23.03,0.64,3,0.26,0.0,0,0,34,33
2026-04-17 13:45:00,4,13,45,34,10.11,9.05,19.89,0.51,3,0.44,0.0,0,0,32,30
2026-04-17 14:00:00,4,14,0,32,20.52,7.6,23.67,0.87,3,0.23,0.0,0,0,33,28
2026-04-17 14:15:00,4,14,15,33,24.69,6.01,29.96,0.82,3,0.0,0.0,0,0,30,29
2026-04-17 14:30:00,4,14,30,30,16.94,8.2,21.96,0.77,3,0.31,0.0,0,0,28,29
2026-04-17 14:45:00,4,14,45,28,22.48,7.04,17.04,1.32,2,0.15,0.0,1,0,29,26
2026-04-17 15:00:00,4,15,0,29,20.25,9.82,18.32,1.11,3,0.55,0.0,0,0,29,25
2026-04-17 15:15:00,4,15,15,29,17.76,6.97,25.82,0.69,3,0.14,0.0,0,0,26,23
2026-04-17 15:30:00,4,15,30,26,23.79,6.74,26.72,0.89,3,0.11,0.0,0,0,25,21
2026-04-17 15:45:00,4,15,45,25,14.65,9.44,19.06,0.77,3,0.49,0.0,0,0,23,20
2026-04-17 16:00:00,4,16,0,23,12.28,8.07,22.3,0.55,3,0.3,0.0,0,0,21,26
2026-04-17 16:15:00,4,16,15,21,18.13,8.75,20.57,0.88,3,0.39,0.0,0,0,20,24
2026-04-17 16:30:00,4,16,30,20,37.34,10.44,11.5,3.25,2,0.63,0.0,1,1,26,24
2026-04-17 16:45:00,4,16,45,26,11.66,7.82,23.01,0.51,3,0.26,0.0,0,0,24,21
2026-04-17 17:00:00,4,17,0,24,17.2,9.14,19.69,0.87,3,0.45,0.0,0,0,24,21
2026-04-17 17:15:00,4,17,15,24,14.71,7.38,24.37,0.6,3,0.2,0.0,0,0,21,20
2026-04-17 17:30:00,4,17,30,21,17.96,11.0,16.36,1.1,3,0.71,0.0,0,0,21,19
2026-04-17 17:45:00,4,17,45,21,18.0,8.62,13.92,1.29,2,0.37,0.0,1,0,20,23
2026-04-20 09:00:00,0,9,0,14,36.71,8.82,20.4,1.8,3,0.4,0.0,0,0,19,28
2026-04-20 09:15:00,0,9,15,19,39.88,8.54,21.08,1.89,3,0.36,0.0,0,0,23,32
2026-04-20 09:30:00,0,9,30,23,40.28,9.51,18.94,2.13,3,0.5,0.0,0,0,28,41
2026-04-20 09:45:00,0,9,45,28,36.46,9.21,19.55,1.86,3,0.46,0.0,0,0,32,45
2026-04-20 10:00:00,0,10,0,32,53.35,6.31,19.03,2.8,2,0.04,0.0,1,1,41,48
2026-04-20 10:15:00,0,10,15,41,33.69,9.11,19.77,1.7,3,0.44,0.0,0,0,45,52
2026-04-20 10:30:00,0,10,30,45,41.25,7.1,25.34,1.63,3,0.16,0.0,0,0,48,57
2026-04-20 10:45:00,0,10,45,48,44.36,6.86,26.22,1.69,3,0.12,0.0,0,0,52,57
2026-04-20 11:00:00,0,11,0,52,28.85,9.19,13.06,2.21,2,0.46,0.0,1,0,57,59
2026-04-20 11:15:00,0,11,15,57,22.67,8.04,22.4,1.01,3,0.29,0.0,0,0,57,61
2026-04-20 11:30:00,0,11,30,57,28.52,7.72,23.32,1.22,3,0.25,0.0,0,0,59,63
2026-04-20 11:45:00,0,11,45,59,27.84,8.17,22.02,1.26,3,0.31,0.0,0,0,61,65
2026-04-20 12:00:00,0,12,0,61,27.02,10.45,17.23,1.57,3,0.64,0.0,0,0,63,66
2026-04-20 12:15:00,0,12,15,63,29.71,7.81,23.06,1.29,3,0.26,0.0,0,0,65,66
2026-04-20 12:30:00,0,12,30,65,25.72,7.37,24.44,1.05,3,0.2,0.0,0,0,66,68
2026-04-20 12:45:00,0,12,45,66,26.32,6.48,27.78,0.95,3,0.07,0.0,0,0,66,65
2026-04-20 13:00:00,0,13,0,66,16.77,11.65,15.46,1.08,3,0.81,0.0,0,0,68,66
2026-04-20 13:15:00,0,13,15,68,15.8,7.21,24.96,0.63,3,0.17,0.0,0,0,65,66
2026-04-20 13:30:00,0,13,30,65,18.12,12.05,14.94,1.21,3,0.86,0.0,0,0,66,68
2026-04-20 13:45:00,0,13,45,66,14.73,9.62,18.72,0.79,3,0.52,0.0,0,0,66,69
2026-04-20 14:00:00,0,14,0,66,21.45,9.94,18.11,1.18,3,0.56,0.0,0,0,68,71
2026-04-20 14:15:00,0,14,15,68,23.16,10.29,17.5,1.32,3,0.61,0.0,0,0,69,69
2026-04-20 14:30:00,0,14,30,69,21.48,11.23,16.04,1.34,3,0.75,0.0,0,0,71,69
2026-04-20 14:45:00,0,14,45,71,25.78,6.48,27.77,0.93,3,0.07,0.0,0,0,69,71
2026-04-20 15:00:00,0,15,0,69,23.68,6.75,26.67,0.89,3,0.11,0.0,0,0,69,72
2026-04-20 15:15:00,0,15,15,69,25.28,7.83,15.32,1.65,2,0.26,0.0,1,0,71,72
2026-04-20 15:30:00,0,15,30,71,23.44,8.81,20.43,1.15,3,0.4,0.0,0,0,72,73
2026-04-20 15:45:00,0,15,45,72,26.37,7.14,25.22,1.05,3,0.16,0.0,0,0,72,71
2026-04-20 16:00:00,0,16,0,72,22.97,8.65,20.8,1.1,3,0.38,0.0,0,0,73,71
2026-04-20 16:15:00,0,16,15,73,19.18,7.01,25.69,0.75,3,0.14,0.0,0,0,71,70
2026-04-20 16:30:00,0,16,30,71,22.01,7.03,25.61,0.86,3,0.15,0.0,0,0,71,73
2026-04-20 16:45:00,0,16,45,71,16.57,11.49,15.66,1.06,3,0.78,0.0,0,0,70,72
2026-04-20 17:00:00,0,17,0,70,32.56,10.89,16.53,1.97,3,0.7,0.0,0,1,73,72
2026-04-20 17:15:00,0,17,15,73,22.62,8.43,21.35,1.06,3,0.35,0.0,0,0,72,72
2026-04-20 17:30:00,0,17,30,72,23.46,9.13,19.7,1.19,3,0.45,0.0,0,0,72,15
2026-04-20 17:45:00,0,17,45,72,18.4,8.82,20.41,0.9,3,0.4,0.0,0,0,72,19
2026-04-21 09:00:00,1,9,0,12,32.8,8.18,22.02,1.49,3,0.31,0.0,0,0,15,18
2026-04-21 09:15:00,1,9,15,15,31.12,8.72,20.64,1.51,3,0.39,0.0,0,0,19,23
2026-04-21 09:30:00,1,9,30,19,28.85,6.58,27.35,1.05,3,0.08,0.0,0,0,18,25
2026-04-21 09:45:00,1,9,45,18,33.26,8.39,14.31,2.33,2,0.34,0.0,1,0,23,32
2026-04-21 10:00:00,1,10,0,23,28.95,10.96,16.42,1.76,3,0.71,0.0,0,0,25,36
2026-04-21 10:15:00,1,10,15,25,34.2,8.98,13.37,2.56,2,0.43,0.0,1,0,32,40
2026-04-21 10:30:00,1,10,30,32,35.54,6.86,26.25,1.35,3,0.12,0.0,0,0,36,39
2026-04-21 10:45:00,1,10,45,36,29.02,8.47,21.25,1.37,3,0.35,0.0,0,0,40,40
2026-04-21 11:00:00,1,11,0,40,18.66,8.3,21.68,0.86,3,0.33,0.0,0,0,39,40
2026-04-21 11:15:00,1,11,15,39,20.91,10.19,17.67,1.18,3,0.6,0.0,0,0,40,40
2026-04-21 11:30:00,1,11,30,40,19.96,10.03,17.95,1.11,3,0.58,0.0,0,0,40,38
2026-04-21 11:45:00,1,11,45,40,19.89,9.71,18.55,1.07,3,0.53,0.0,0,0,40,40
2026-04-21 12:00:00,1,12,0,40,19.11,7.3,24.67,0.77,3,0.19,0.0,0,0,38,42
2026-04-21 12:15:00,1,12,15,38,14.83,8.07,14.86,1.0,2,0.3,0.0,1,0,40,40
2026-04-21 12:30:00,1,12,30,40,24.26,7.05,25.53,0.95,3,0.15,0.0,0,0,42,37
2026-04-21 12:45:00,1,12,45,42,20.44,7.17,25.12,0.81,3,0.17,0.0,0,0,40,36
2026-04-21 13:00:00,1,13,0,40,11.52,6.32,28.49,0.4,3,0.05,0.0,0,0,37,36
2026-04-21 13:15:00,1,13,15,37,13.93,10.71,11.21,1.24,2,0.67,0.0,1,0,36,31
2026-04-21 13:30:00,1,13,30,36,15.07,10.58,17.02,0.89,3,0.24,2.93,0,0,36,32
2026-04-21 13:45:00,1,13,45,36,11.39,7.44,24.19,0.47,3,0.21,0.0,0,0,31,32
2026-04-21 14:00:00,1,14,0,31,20.21,10.98,16.4,1.23,3,0.71,0.0,0,0,32,32
2026-04-21 14:15:00,1,14,15,32,21.5,9.36,19.23,1.12,3,0.48,0.0,0,0,32,32
2026-04-21 14:30:00,1,14,30,32,20.15,10.21,17.63,1.14,3,0.6,0.0,0,0,32,33
2026-04-21 14:45:00,1,14,45,32,21.18,7.78,23.13,0.92,3,0.25,0.0,0,0,32,32
2026-04-21 15:00:00,1,15,0,32,16.82,8.84,13.57,1.24,2,0.41,0.0,1,0,33,32
2026-04-21 15:15:00,1,15,15,33,17.57,10.42,17.28,1.02,3,0.63,0.0,0,0,32,32
2026-04-21 15:30:00,1,15,30,32,19.31,10.36,17.38,1.11,3,0.62,0.0,0,0,32,29
2026-04-21 15:45:00,1,15,45,32,23.41,7.03,25.6,0.91,3,0.15,0.0,0,0,32,25
2026-04-21 16:00:00,1,16,0,32,13.99,7.66,23.49,0.6,3,0.24,0.0,0,0,29,21
2026-04-21 16:15:00,1,16,15,29,11.8,7.5,24.02,0.49,3,0.21,0.0,0,0,25,20
2026-04-21 16:30:00,1,16,30,25,12.61,6.97,25.83,0.49,3,0.14,0.0,0,0,21,17
2026-04-21 16:45:00,1,16,45,21,13.77,8.24,21.83,0.63,3,0.32,0.0,0,0,20,12
2026-04-21 17:00:00,1,17,0,20,11.31,8.86,20.31,0.56,3,0.41,0.0,0,0,17,11
2026-04-21 17:15:00,1,17,15,17,11.4,7.48,24.07,0.47,3,0.21,0.0,0,0,12,10
2026-04-21 17:30:00,1,17,30,12,12.32,9.51,18.93,0.65,3,0.5,0.0,0,0,11,11
2026-04-21 17:45:00,1,17,45,11,13.46,6.8,17.66,0.76,2,0.11,0.0,1,0,10,13
2026-04-22 09:00:00,2,9,0,8,36.93,8.09,22.26,1.66,3,0.3,0.0,0,0,11,16
2026-04-22 09:15:00,2,9,15,11,29.11,9.3,19.36,1.5,3,0.47,0.0,0,0,13,19
2026-04-22 09:30:00,2,9,30,13,28.52,8.12,22.16,1.29,3,0.3,0.0,0,0,16,19
2026-04-22 09:45:00,2,9,45,16,29.68,8.43,21.35,1.39,3,0.35,0.0,0,0,19,22
2026-04-22 10:00:00,2,10,0,19,21.7,6.72,26.8,0.81,3,0.1,0.0,0,0,19,26
2026-04-22 10:15:00,2,10,15,19,30.23,12.88,13.98,2.16,3,0.53,3.17,0,0,22,29
2026-04-22 10:30:00,2,10,30,22,30.94,9.82,12.22,2.53,2,0.55,0.0,1,0,26,28
2026-04-22 10:45:00,2,10,45,26,23.93,11.52,15.63,1.53,3,0.79,0.0,0,0,29,31
2026-04-22 11:00:00,2,11,0,29,18.0,7.27,24.76,0.73,3,0.18,0.0,0,0,28,30
2026-04-22 11:15:00,2,11,15,28,32.83,7.42,24.26,1.35,3,0.2,0.0,0,1,31,29
2026-04-22 11:30:00,2,11,30,31,12.12,10.39,17.32,0.7,3,0.63,0.0,0,0,30,31
2026-04-22 11:45:00,2,11,45,30,17.08,9.46,19.03,0.9,3,0.49,0.0,0,0,29,27
2026-04-22 12:00:00,2,12,0,29,24.18,8.65,20.81,1.16,3,0.38,0.0,0,0,31,25
2026-04-22 12:15:00,2,12,15,31,14.85,7.63,23.58,0.63,3,0.23,0.0,0,0,27,25
2026-04-22 12:30:00,2,12,30,27,14.21,8.37,21.5,0.66,3,0.34,0.0,0,0,25,21
2026-04-22 12:45:00,2,12,45,25,19.0,10.72,16.79,1.13,3,0.67,0.0,0,0,25,21
2026-04-22 13:00:00,2,13,0,25,8.6,8.97,20.07,0.43,3,0.42,0.0,0,0,21,17
2026-04-22 13:15:00,2,13,15,21,11.16,11.36,15.84,0.7,3,0.77,0.0,0,0,21,15
2026-04-22 13:30:00,2,13,30,21,10.97,7.09,25.38,0.43,3,0.16,0.0,0,0,17,16
2026-04-22 13:45:00,2,13,45,17,9.5,9.52,18.91,0.5,3,0.5,0.0,0,0,15,18
2026-04-22 14:00:00,2,14,0,15,17.33,10.77,11.15,1.55,2,0.68,0.0,1,0,16,17
2026-04-22 14:15:00,2,14,15,16,14.3,16.65,7.21,1.98,2,0.91,4.31,1,0,18,16
2026-04-22 14:30:00,2,14,30,18,20.64,8.33,21.62,0.95,3,0.33,0.0,0,0,17,14
2026-04-22 14:45:00,2,14,45,17,16.7,10.48,17.17,0.97,3,0.64,0.0,0,0,16,13
2026-04-22 15:00:00,2,15,0,16,21.46,6.82,26.38,0.81,3,0.12,0.0,0,0,14,13
2026-04-22 15:15:00,2,15,15,14,15.26,10.78,16.69,0.91,3,0.68,0.0,0,0,13,14
2026-04-22 15:30:00,2,15,30,13,17.07,10.13,17.76,0.96,3,0.59,0.0,0,0,13,15
2026-04-22 15:45:00,2,15,45,13,14.64,11.22,16.05,0.91,3,0.75,0.0,0,0,14,10
2026-04-22 16:00:00,2,16,0,14,29.66,7.75,23.22,1.28,3,0.25,0.0,0,1,15,10
2026-04-22 16:15:00,2,16,15,15,10.37,7.85,22.92,0.45,3,0.26,0.0,0,0,10,8
2026-04-22 16:30:00,2,16,30,10,16.17,9.56,18.84,0.86,3,0.51,0.0,0,0,10,6
2026-04-22 16:45:00,2,16,45,10,14.6,11.0,16.36,0.89,3,0.71,0.0,0,0,8,5
2026-04-22 17:00:00,2,17,0,8,11.63,9.11,19.76,0.59,3,0.44,0.0,0,0,6,1
2026-04-22 17:15:00,2,17,15,6,13.74,9.55,18.85,0.73,3,0.51,0.0,0,0,5,3
2026-04-22 17:30:00,2,17,30,5,11.04,7.09,25.4,0.43,3,0.16,0.0,0,0,1,5
2026-04-22 17:45:00,2,17,45,1,14.4,8.46,14.18,1.02,2,0.35,0.0,1,0,3,9
2026-04-23 09:00:00,3,9,0,5,30.78,6.79,26.51,1.16,3,0.11,0.0,0,0,5,9
2026-04-23 09:15:00,3,9,15,5,33.48,8.41,21.41,1.56,3,0.34,0.0,0,0,9,13
2026-04-23 09:30:00,3,9,30,9,27.21,7.56,23.82,1.14,3,0.22,0.0,0,0,9,16
2026-04-23 09:45:00,3,9,45,9,29.26,9.96,18.07,1.62,3,0.57,0.0,0,0,13,19
2026-04-23 10:00:00,3,10,0,13,28.37,10.1,17.83,1.59,3,0.59,0.0,0,0,16,21
2026-04-23 10:15:00,3,10,15,16,29.6,10.54,17.07,1.73,3,0.65,0.0,0,0,19,24
2026-04-23 10:30:00,3,10,30,19,30.33,8.83,20.38,1.49,3,0.4,0.0,0,0,21,23
2026-04-23 10:45:00,3,10,45,21,33.29,9.1,19.78,1.68,3,0.04,2.85,0,0,24,20
2026-04-23 11:00:00,3,11,0,24,21.19,6.6,27.29,0.78,3,0.09,0.0,0,0,23,18
2026-04-23 11:15:00,3,11,15,23,8.8,8.89,20.24,0.43,3,0.41,0.0,0,0,20,21
2026-04-23 11:30:00,3,11,30,20,20.04,8.35,21.54,0.93,3,0.34,0.0,0,0,18,20
2026-04-23 11:45:00,3,11,45,18,33.95,10.11,17.8,1.91,3,0.59,0.0,0,1,21,18
2026-04-23 12:00:00,3,12,0,21,16.15,9.16,19.64,0.82,3,0.45,0.0,0,0,20,18
2026-04-23 12:15:00,3,12,15,20,20.0,8.1,22.23,0.9,3,0.3,0.0,0,0,18,19
2026-04-23 12:30:00,3,12,30,18,16.19,9.15,13.12,1.23,2,0.45,0.0,1,0,18,18
2026-04-23 12:45:00,3,12,45,18,21.7,11.09,16.23,1.34,3,0.43,2.09,0,0,19,18
2026-04-23 13:00:00,3,13,0,19,11.75,12.3,14.64,0.8,3,0.9,0.0,0,0,18,15
2026-04-23 13:15:00,3,13,15,18,13.81,9.77,18.43,0.75,3,0.54,0.0,0,0,18,10
2026-04-23 13:30:00,3,13,30,18,2.58,8.83,20.4,0.13,3,0.4,0.0,0,0,15,11
2026-04-23 13:45:00,3,13,45,15,7.1,8.85,20.33,0.35,3,0.41,0.0,0,0,10,10
2026-04-23 14:00:00,3,14,0,10,17.38,10.41,11.52,1.51,2,0.63,0.0,1,0,11,11
2026-04-23 14:15:00,3,14,15,11,17.75,8.2,21.94,0.81,3,0.31,0.0,0,0,10,11
2026-04-23 14:30:00,3,14,30,10,18.77,8.79,20.47,0.92,3,0.4,0.0,0,0,11,10
2026-04-23 14:45:00,3,14,45,11,17.67,9.8,18.36,0.96,3,0.54,0.0,0,0,11,12
2026-04-23 15:00:00,3,15,0,11,19.25,8.55,21.05,0.91,3,0.36,0.0,0,0,10,12
2026-04-23 15:15:00,3,15,15,10,20.41,9.72,12.34,1.65,2,0.53,0.0,1,0,12,10
2026-04-23 15:30:00,3,15,30,12,21.22,7.38,24.4,0.87,3,0.2,0.0,0,0,12,8
2026-04-23 15:45:00,3,15,45,12,16.85,7.18,25.07,0.67,3,0.17,0.0,0,0,10,9
2026-04-23 16:00:00,3,16,0,10,13.89,10.55,17.07,0.81,3,0.65,0.0,0,0,8,7
2026-04-23 16:15:00,3,16,15,8,13.98,8.71,13.77,1.01,2,0.39,0.0,1,0,9,10
2026-04-23 16:30:00,3,16,30,9,10.61,10.77,16.72,0.63,3,0.68,0.0,0,0,7,8
2026-04-23 16:45:00,3,16,45,7,30.49,10.92,16.48,1.85,3,0.7,0.0,0,1,10,9
2026-04-23 17:00:00,3,17,0,10,12.17,9.31,19.34,0.63,3,0.47,0.0,0,0,8,8
2026-04-23 17:15:00,3,17,15,8,15.96,10.69,11.22,1.42,2,0.67,0.0,1,0,9,7
2026-04-23 17:30:00,3,17,30,9,15.12,9.95,18.09,0.84,3,0.56,0.0,0,0,8,11
2026-04-23 17:45:00,3,17,45,8,14.13,8.07,22.3,0.63,3,0.3,0.0,0,0,7,15
2026-04-24 09:00:00,4,9,0,8,31.55,10.95,16.44,1.92,3,0.71,0.0,0,0,11,17
2026-04-24 09:15:00,4,9,15,11,31.38,7.52,15.95,1.97,2,0.22,0.0,1,0,15,20
2026-04-24 09:30:00,4,9,30,15,32.3,7.74,23.24,1.39,3,0.25,0.0,0,0,17,24
2026-04-24 09:45:00,4,9,45,17,38.0,8.12,22.16,1.71,3,0.3,0.0,0,0,20,31
2026-04-24 10:00:00,4,10,0,20,30.53,11.58,15.54,1.96,3,0.8,0.0,0,0,24,34
2026-04-24 10:15:00,4,10,15,24,32.57,11.15,10.76,3.03,2,0.74,0.0,1,0,31,42
2026-04-24 10:30:00,4,10,30,31,33.36,9.61,18.73,1.78,3,0.52,0.0,0,0,34,45
2026-04-24 10:45:00,4,10,45,34,51.73,8.11,22.2,2.33,3,0.3,0.0,0,1,42,47
2026-04-24 11:00:00,4,11,0,42,24.98,8.95,13.41,1.86,2,0.42,0.0,1,0,45,47
2026-04-24 11:15:00,4,11,15,45,23.46,10.4,17.31,1.36,3,0.63,0.0,0,0,47,50
2026-04-24 11:30:00,4,11,30,47,19.25,8.66,20.77,0.93,3,0.38,0.0,0,0,47,51
2026-04-24 11:45:00,4,11,45,47,24.28,11.1,10.81,2.25,2,0.73,0.0,1,0,50,50
2026-04-24 12:00:00,4,12,0,50,24.23,8.62,13.92,1.74,2,0.37,0.0,1,0,51,50
2026-04-24 12:15:00,4,12,15,51,20.8,7.76,23.2,0.9,3,0.25,0.0,0,0,50,51
2026-04-24 12:30:00,4,12,30,50,17.88,10.92,16.49,1.08,3,0.7,0.0,0,0,50,49
2026-04-24 12:45:00,4,12,45,50,22.35,8.14,22.12,1.01,3,0.31,0.0,0,0,51,46
2026-04-24 13:00:00,4,13,0,51,14.96,8.21,21.93,0.68,3,0.32,0.0,0,0,49,44
2026-04-24 13:15:00,4,13,15,49,15.2,8.17,22.03,0.69,3,0.31,0.0,0,0,46,40
2026-04-24 13:30:00,4,13,30,46,12.82,8.39,21.45,0.6,3,0.34,0.0,0,0,44,42
2026-04-24 13:45:00,4,13,45,44,17.78,6.34,28.41,0.63,3,0.05,0.0,0,0,40,43
2026-04-24 14:00:00,4,14,0,40,20.75,7.63,15.72,1.32,2,0.23,0.0,1,0,42,47
2026-04-24 14:15:00,4,14,15,42,25.01,7.63,23.59,1.06,3,0.23,0.0,0,0,43,50
2026-04-24 14:30:00,4,14,30,43,38.5,8.81,20.43,1.88,3,0.4,0.0,0,1,47,51
2026-04-24 14:45:00,4,14,45,47,32.94,9.38,19.18,1.72,3,0.48,0.0,0,1,50,54
2026-04-24 15:00:00,4,15,0,50,19.61,10.66,16.89,1.16,3,0.67,0.0,0,0,51,54
2026-04-24 15:15:00,4,15,15,51,23.34,7.68,15.63,1.49,2,0.24,0.0,1,0,54,51
2026-04-24 15:30:00,4,15,30,54,19.9,8.11,22.18,0.9,3,0.3,0.0,0,0,54,50
2026-04-24 15:45:00,4,15,45,54,24.02,6.3,28.59,0.84,3,0.04,0.0,0,0,51,50
2026-04-24 16:00:00,4,16,0,51,15.43,8.14,22.1,0.7,3,0.31,0.0,0,0,50,51
2026-04-24 16:15:00,4,16,15,50,16.83,14.2,12.68,1.33,3,0.63,3.82,0,0,50,49
2026-04-24 16:30:00,4,16,30,50,19.15,10.24,17.58,1.09,3,0.61,0.0,0,0,51,51
2026-04-24 16:45:00,4,16,45,51,17.65,7.36,24.45,0.72,3,0.19,0.0,0,0,49,51
2026-04-24 17:00:00,4,17,0,49,35.99,7.4,24.32,1.48,3,0.2,0.0,0,1,51,51
2026-04-24 17:15:00,4,17,15,51,13.76,9.71,12.36,1.11,2,0.53,0.0,1,0,51,51
2026-04-24 17:30:00,4,17,30,51,19.19,8.97,20.06,0.96,3,0.42,0.0,0,0,51,14
2026-04-24 17:45:00,4,17,45,51,15.64,12.27,14.67,1.07,3,0.9,0.0,0,0,51,18
2026-04-27 09:00:00,0,9,0,10,32.94,10.46,17.2,1.91,3,0.64,0.0,0,0,14,22
2026-04-27 09:15:00,0,9,15,14,34.22,9.42,19.11,1.79,3,0.49,0.0,0,0,18,25
2026-04-27 09:30:00,0,9,30,18,40.49,7.86,22.91,1.77,3,0.27,0.0,0,0,22,32
2026-04-27 09:45:00,0,9,45,22,34.87,7.62,23.64,1.48,3,0.23,0.0,0,0,25,35
2026-04-27 10:00:00,0,10,0,25,49.25,8.06,22.35,2.2,3,0.29,0.0,0,1,32,39
2026-04-27 10:15:00,0,10,15,32,34.86,8.65,20.82,1.67,3,0.38,0.0,0,0,35,45
2026-04-27 10:30:00,0,10,30,35,34.26,8.81,20.44,1.68,3,0.4,0.0,0,0,39,47
2026-04-27 10:45:00,0,10,45,39,40.71,8.12,14.78,2.76,2,0.3,0.0,1,0,45,49
2026-04-27 11:00:00,0,11,0,45,25.94,11.34,15.87,1.63,3,0.76,0.0,0,0,47,51
2026-04-27 11:15:00,0,11,15,47,30.09,9.74,18.48,1.63,3,0.53,0.0,0,0,49,52
2026-04-27 11:30:00,0,11,30,49,21.04,9.55,18.84,1.12,3,0.51,0.0,0,0,51,53
2026-04-27 11:45:00,0,11,45,51,27.51,8.51,21.14,1.3,3,0.36,0.0,0,0,52,55
2026-04-27 12:00:00,0,12,0,52,21.7,7.11,25.33,0.86,3,0.16,0.0,0,0,53,57
2026-04-27 12:15:00,0,12,15,53,21.47,8.74,20.6,1.04,3,0.39,0.0,0,0,55,58
2026-04-27 12:30:00,0,12,30,55,25.76,10.94,16.45,1.57,3,0.71,0.0,0,0,57,59
2026-04-27 12:45:00,0,12,45,57,26.25,8.93,20.16,1.3,3,0.42,0.0,0,0,58,60
2026-04-27 13:00:00,0,13,0,58,17.05,14.04,12.82,1.33,3,0.83,2.23,0,0,59,60
2026-04-27 13:15:00,0,13,15,59,27.08,7.82,23.02,1.18,3,0.26,0.0,0,0,60,59
2026-04-27 13:30:00,0,13,30,60,13.73,10.09,17.85,0.77,3,0.58,0.0,0,0,60,61
2026-04-27 13:45:00,0,13,45,60,17.49,7.44,24.18,0.72,3,0.21,0.0,0,0,59,63
2026-04-27 14:00:00,0,14,0,59,25.74,8.94,20.13,1.28,3,0.42,0.0,0,0,61,68
2026-04-27 14:15:00,0,14,15,61,22.2,11.04,16.3,1.36,3,0.18,3.77,0,0,63,69
2026-04-27 14:30:00,0,14,30,63,27.83,14.0,12.86,2.17,3,0.51,4.44,0,0,68,72
2026-04-27 14:45:00,0,14,45,68,24.64,9.35,19.25,1.28,3,0.48,0.0,0,0,69,73
2026-04-27 15:00:00,0,15,0,69,29.14,9.8,18.37,1.59,3,0.54,0.0,0,0,72,72
2026-04-27 15:15:00,0,15,15,72,24.46,9.5,18.95,1.29,3,0.5,0.0,0,0,73,74
2026-04-27 15:30:00,0,15,30,73,23.35,6.53,27.57,0.85,3,0.08,0.0,0,0,72,75
2026-04-27 15:45:00,0,15,45,72,20.9,10.9,16.52,1.27,3,0.7,0.0,0,0,74,76
2026-04-27 16:00:00,0,16,0,74,18.33,9.68,18.6,0.99,3,0.53,0.0,0,0,75,76
2026-04-27 16:15:00,0,16,15,75,24.59,8.5,14.12,1.74,2,0.36,0.0,1,0,76,79
2026-04-27 16:30:00,0,16,30,76,18.65,7.92,22.72,0.82,3,0.27,0.0,0,0,76,78
2026-04-27 16:45:00,0,16,45,76,23.77,8.72,13.76,1.73,2,0.39,0.0,1,0,79,76
2026-04-27 17:00:00,0,17,0,79,16.72,8.38,14.32,1.17,2,0.34,0.0,1,0,78,75
2026-04-27 17:15:00,0,17,15,78,18.71,6.98,25.79,0.73,3,0.14,0.0,0,0,76,75
2026-04-27 17:30:00,0,17,30,76,19.3,7.36,24.46,0.79,3,0.19,0.0,0,0,75,8
2026-04-27 17:45:00,0,17,45,75,20.89,9.54,18.87,1.11,3,0.51,0.0,0,0,75,11
2026-04-28 09:00:00,1,9,0,6,31.13,10.51,17.13,1.82,3,0.64,0.0,0,0,8,16
2026-04-28 09:15:00,1,9,15,8,28.47,9.04,19.91,1.43,3,0.43,0.0,0,0,11,18
2026-04-28 09:30:00,1,9,30,11,28.98,10.1,11.89,2.44,2,0.59,0.0,1,0,16,21
2026-04-28 09:45:00,1,9,45,16,27.68,10.29,17.5,1.58,3,0.19,2.97,0,0,18,23
2026-04-28 10:00:00,1,10,0,18,28.13,7.59,15.8,1.78,2,0.23,0.0,1,0,21,24
2026-04-28 10:15:00,1,10,15,21,30.31,9.05,19.9,1.52,3,0.44,0.0,0,0,23,26
2026-04-28 10:30:00,1,10,30,23,29.15,7.21,24.95,1.17,3,0.17,0.0,0,0,24,25
2026-04-28 10:45:00,1,10,45,24,26.38,10.46,17.21,1.53,3,0.64,0.0,0,0,26,26
2026-04-28 11:00:00,1,11,0,26,15.31,8.54,21.07,0.73,3,0.36,0.0,0,0,25,23
2026-04-28 11:15:00,1,11,15,25,19.47,12.19,14.77,1.32,3,0.29,4.17,0,0,26,22
2026-04-28 11:30:00,1,11,30,26,15.12,8.03,22.41,0.67,3,0.29,0.0,0,0,23,21
2026-04-28 11:45:00,1,11,45,23,16.61,8.41,21.4,0.78,3,0.34,0.0,0,0,22,19
2026-04-28 12:00:00,1,12,0,22,13.24,9.18,19.6,0.68,3,0.45,0.0,0,0,21,18
2026-04-28 12:15:00,1,12,15,21,17.7,7.5,24.0,0.74,3,0.21,0.0,0,0,19,21
2026-04-28 12:30:00,1,12,30,19,16.07,8.66,20.78,0.77,3,0.38,0.0,0,0,18,19
2026-04-28 12:45:00,1,12,45,18,18.18,11.09,10.82,1.68,2,0.73,0.0,1,0,21,16
2026-04-28 13:00:00,1,13,0,21,9.98,11.19,16.08,0.62,3,0.74,0.0,0,0,19,13
2026-04-28 13:15:00,1,13,15,19,11.32,7.41,24.29,0.47,3,0.2,0.0,0,0,16,13
2026-04-28 13:30:00,1,13,30,16,8.75,8.74,20.59,0.43,3,0.39,0.0,0,0,13,12
2026-04-28 13:45:00,1,13,45,13,11.93,11.72,15.35,0.78,3,0.82,0.0,0,0,13,10
2026-04-28 14:00:00,1,14,0,13,17.05,9.34,19.28,0.88,3,0.48,0.0,0,0,12,13
2026-04-28 14:15:00,1,14,15,12,19.33,6.88,26.17,0.74,3,0.13,0.0,0,0,10,15
2026-04-28 14:30:00,1,14,30,10,23.46,13.26,13.57,1.73,3,0.59,3.11,0,0,13,15
2026-04-28 14:45:00,1,14,45,13,23.66,10.69,16.84,1.4,3,0.67,0.0,0,0,15,14
2026-04-28 15:00:00,1,15,0,15,15.9,10.98,16.4,0.97,3,0.71,0.0,0,0,15,14
2026-04-28 15:15:00,1,15,15,15,15.98,9.95,18.09,0.88,3,0.56,0.0,0,0,14,14
2026-04-28 15:30:00,1,15,30,14,16.0,9.81,18.34,0.87,3,0.54,0.0,0,0,14,15
2026-04-28 15:45:00,1,15,45,14,28.24,8.37,21.51,1.31,3,0.34,0.0,0,0,14,13
2026-04-28 16:00:00,1,16,0,14,18.56,10.72,16.79,1.11,3,0.67,0.0,0,0,15,10
2026-04-28 16:15:00,1,16,15,15,8.55,10.64,16.92,0.51,3,0.66,0.0,0,0,13,7
2026-04-28 16:30:00,1,16,30,13,12.68,6.72,26.78,0.47,3,0.1,0.0,0,0,10,3
2026-04-28 16:45:00,1,16,45,10,11.81,9.87,18.24,0.65,3,0.55,0.0,0,0,7,2
2026-04-28 17:00:00,1,17,0,7,13.45,6.58,27.37,0.49,3,0.08,0.0,0,0,3,1
2026-04-28 17:15:00,1,17,15,3,15.66,7.3,24.64,0.64,3,0.19,0.0,0,0,2,2
2026-04-28 17:30:00,1,17,30,2,15.15,7.54,23.88,0.63,3,0.22,0.0,0,0,1,14
2026-04-28 17:45:00,1,17,45,1,16.98,11.02,16.33,1.04,3,0.72,0.0,0,0,2,17
2026-04-29 09:00:00,2,9,0,14,26.48,7.54,23.87,1.11,3,0.22,0.0,0,0,14,19
2026-04-29 09:15:00,2,9,15,14,28.71,11.1,16.22,1.77,3,0.73,0.0,0,0,17,22
2026-04-29 09:30:00,2,9,30,17,29.93,9.43,19.09,1.57,3,0.49,0.0,0,0,19,27
2026-04-29 09:45:00,2,9,45,19,34.13,7.06,25.49,1.34,3,0.15,0.0,0,0,22,30
2026-04-29 10:00:00,2,10,0,22,35.24,9.95,18.1,1.95,3,0.56,0.0,0,0,27,33
2026-04-29 10:15:00,2,10,15,27,33.79,8.69,20.71,1.63,3,0.38,0.0,0,0,30,36
2026-04-29 10:30:00,2,10,30,30,29.1,11.29,15.94,1.83,3,0.76,0.0,0,0,33,37
2026-04-29 10:45:00,2,10,45,33,30.97,13.19,13.65,2.27,3,0.45,4.03,0,0,36,35
2026-04-29 11:00:00,2,11,0,36,21.26,8.9,20.21,1.05,3,0.41,0.0,0,0,37,34
2026-04-29 11:15:00,2,11,15,37,16.89,8.19,21.97,0.77,3,0.31,0.0,0,0,35,33
2026-04-29 11:30:00,2,11,30,35,16.27,8.12,22.15,0.73,3,0.3,0.0,0,0,34,31
2026-04-29 11:45:00,2,11,45,34,13.28,11.06,16.27,0.82,3,0.72,0.0,0,0,33,31
2026-04-29 12:00:00,2,12,0,33,20.2,8.34,21.58,0.94,3,0.33,0.0,0,0,31,30
2026-04-29 12:15:00,2,12,15,31,18.62,10.29,17.49,1.06,3,0.61,0.0,0,0,31,28
2026-04-29 12:30:00,2,12,30,31,16.73,6.74,26.69,0.63,3,0.11,0.0,0,0,30,25
2026-04-29 12:45:00,2,12,45,30,14.74,7.15,25.16,0.59,3,0.16,0.0,0,0,28,23
2026-04-29 13:00:00,2,13,0,28,11.39,7.37,24.41,0.47,3,0.2,0.0,0,0,25,20
2026-04-29 13:15:00,2,13,15,25,8.15,11.02,16.33,0.5,3,0.72,0.0,0,0,23,20
2026-04-29 13:30:00,2,13,30,23,9.78,8.39,21.46,0.46,3,0.34,0.0,0,0,20,24
2026-04-29 13:45:00,2,13,45,20,9.56,9.07,13.23,0.72,2,0.44,0.0,1,0,20,25
2026-04-29 14:00:00,2,14,0,20,31.66,11.22,16.05,1.97,3,0.13,4.29,0,1,24,22
2026-04-29 14:15:00,2,14,15,24,16.2,11.31,15.91,1.02,3,0.76,0.0,0,0,25,22
2026-04-29 14:30:00,2,14,30,25,13.65,7.78,23.13,0.59,3,0.25,0.0,0,0,22,22
2026-04-29 14:45:00,2,14,45,22,17.44,9.9,18.19,0.96,3,0.56,0.0,0,0,22,21
2026-04-29 15:00:00,2,15,0,22,18.69,8.6,20.93,0.89,3,0.37,0.0,0,0,22,22
2026-04-29 15:15:00,2,15,15,22,19.72,8.0,22.5,0.88,3,0.29,0.0,0,0,21,20
2026-04-29 15:30:00,2,15,30,21,15.14,8.07,22.3,0.68,3,0.3,0.0,0,0,22,19
2026-04-29 15:45:00,2,15,45,22,18.38,8.07,22.3,0.82,3,0.3,0.0,0,0,20,17
2026-04-29 16:00:00,2,16,0,20,13.92,9.54,18.88,0.74,3,0.51,0.0,0,0,19,16
2026-04-29 16:15:00,2,16,15,19,11.06,9.49,18.97,0.58,3,0.5,0.0,0,0,17,13
2026-04-29 16:30:00,2,16,30,17,8.23,9.18,19.62,0.42,3,0.45,0.0,0,0,16,11
2026-04-29 16:45:00,2,16,45,16,16.3,6.61,27.23,0.6,3,0.09,0.0,0,0,13,9
2026-04-29 17:00:00,2,17,0,13,10.05,7.65,15.69,0.64,2,0.24,0.0,1,0,11,5
2026-04-29 17:15:00,2,17,15,11,10.98,10.56,17.05,0.64,3,0.08,3.96,0,0,9,3
2026-04-29 17:30:00,2,17,30,9,10.46,7.13,25.26,0.41,3,0.16,0.0,0,0,5,15
2026-04-29 17:45:00,2,17,45,5,14.07,9.13,19.71,0.71,3,0.45,0.0,0,0,3,19
2026-04-30 09:00:00,3,9,0,14,27.13,7.93,22.7,1.2,3,0.28,0.0,0,0,15,22
2026-04-30 09:15:00,3,9,15,15,37.75,8.51,21.15,1.79,3,0.36,0.0,0,1,19,25
2026-04-30 09:30:00,3,9,30,19,32.18,9.64,18.66,1.72,3,0.52,0.0,0,0,22,28
2026-04-30 09:45:00,3,9,45,22,31.54,9.8,18.37,1.72,3,0.54,0.0,0,0,25,33
2026-04-30 10:00:00,3,10,0,25,30.49,11.75,15.32,1.99,3,0.82,0.0,0,0,28,38
2026-04-30 10:15:00,3,10,15,28,31.95,11.02,16.34,1.96,3,0.72,0.0,0,0,33,42
2026-04-30 10:30:00,3,10,30,33,34.49,10.15,17.74,1.94,3,0.59,0.0,0,0,38,47
2026-04-30 10:45:00,3,10,45,38,31.18,10.22,17.61,1.77,3,0.6,0.0,0,0,42,45
2026-04-30 11:00:00,3,11,0,42,29.93,10.34,11.6,2.58,2,0.62,0.0,1,1,47,43
2026-04-30 11:15:00,3,11,15,47,17.79,6.91,26.04,0.68,3,0.13,0.0,0,0,45,41
2026-04-30 11:30:00,3,11,30,45,17.19,10.53,17.09,1.01,3,0.65,0.0,0,0,43,38
2026-04-30 11:45:00,3,11,45,43,16.06,6.49,27.73,0.58,3,0.07,0.0,0,0,41,36
2026-04-30 12:00:00,3,12,0,41,13.99,7.05,25.54,0.55,3,0.15,0.0,0,0,38,32
2026-04-30 12:15:00,3,12,15,38,16.63,7.89,22.8,0.73,3,0.27,0.0,0,0,36,33
2026-04-30 12:30:00,3,12,30,36,17.76,6.88,26.17,0.68,3,0.13,0.0,0,0,32,35
2026-04-30 12:45:00,3,12,45,32,21.28,10.15,17.74,1.2,3,0.59,0.0,0,0,33,31
2026-04-30 13:00:00,3,13,0,33,30.71,10.46,17.2,1.79,3,0.64,0.0,0,1,35,30
2026-04-30 13:15:00,3,13,15,35,11.36,8.62,20.89,0.54,3,0.37,0.0,0,0,31,29
2026-04-30 13:30:00,3,13,30,31,12.15,10.36,17.37,0.7,3,0.62,0.0,0,0,30,27
2026-04-30 13:45:00,3,13,45,30,12.73,10.32,11.63,1.1,2,0.62,0.0,1,0,29,27
2026-04-30 14:00:00,3,14,0,29,12.84,7.46,24.12,0.53,3,0.21,0.0,0,0,27,28
2026-04-30 14:15:00,3,14,15,27,17.89,8.31,21.65,0.83,3,0.33,0.0,0,0,27,26
2026-04-30 14:30:00,3,14,30,27,15.22,16.54,10.88,1.4,3,0.85,4.56,0,0,28,27
2026-04-30 14:45:00,3,14,45,28,14.81,6.4,28.13,0.53,3,0.06,0.0,0,0,26,26
2026-04-30 15:00:00,3,15,0,26,20.83,10.51,17.13,1.22,3,0.64,0.0,0,0,27,24
2026-04-30 15:15:00,3,15,15,27,21.42,7.54,23.89,0.9,3,0.22,0.0,0,0,26,24
2026-04-30 15:30:00,3,15,30,26,15.08,9.29,19.39,0.78,3,0.47,0.0,0,0,24,23
2026-04-30 15:45:00,3,15,45,24,16.57,10.31,17.47,0.95,3,0.62,0.0,0,0,24,21
2026-04-30 16:00:00,3,16,0,24,22.22,7.66,23.5,0.95,3,0.24,0.0,0,0,23,19
2026-04-30 16:15:00,3,16,15,23,12.2,6.66,27.02,0.45,3,0.09,0.0,0,0,21,18
2026-04-30 16:30:00,3,16,30,21,16.23,7.79,23.11,0.7,3,0.26,0.0,0,0,19,17
2026-04-30 16:45:00,3,16,45,19,10.91,8.65,20.81,0.52,3,0.38,0.0,0,0,18,16
2026-04-30 17:00:00,3,17,0,18,14.11,10.77,16.71,0.84,3,0.68,0.0,0,0,17,16
2026-04-30 17:15:00,3,17,15,17,8.28,10.83,16.61,0.5,3,0.69,0.0,0,0,16,14
2026-04-30 17:30:00,3,17,30,16,14.54,10.38,17.35,0.84,3,0.63,0.0,0,0,16,10
2026-04-30 17:45:00,3,17,45,16,12.0,10.07,17.88,0.67,3,0.58,0.0,0,0,14,17
2026-05-01 09:00:00,4,9,0,6,33.13,7.89,15.22,2.18,2,0.27,0.0,1,0,10,19
2026-05-01 09:15:00,4,9,15,10,47.3,10.0,18.01,2.63,3,0.57,0.0,0,1,17,21
2026-05-01 09:30:00,4,9,30,17,29.83,7.99,22.53,1.32,3,0.28,0.0,0,0,19,22
2026-05-01 09:45:00,4,9,45,19,30.77,7.37,24.42,1.26,3,0.2,0.0,0,0,21,26
2026-05-01 10:00:00,4,10,0,21,33.68,7.02,25.64,1.31,3,0.15,0.0,0,0,22,29
2026-05-01 10:15:00,4,10,15,22,28.1,9.23,19.49,1.44,3,0.46,0.0,0,0,26,34
2026-05-01 10:30:00,4,10,30,26,36.74,9.17,19.62,1.87,3,0.45,0.0,0,0,29,35
2026-05-01 10:45:00,4,10,45,29,36.62,10.3,17.48,2.1,3,0.61,0.0,0,0,34,33
2026-05-01 11:00:00,4,11,0,34,25.53,8.35,21.55,1.18,3,0.34,0.0,0,0,35,36
2026-05-01 11:15:00,4,11,15,35,13.01,9.09,19.79,0.66,3,0.44,0.0,0,0,33,39
2026-05-01 11:30:00,4,11,30,33,37.3,8.13,22.14,1.68,3,0.3,0.0,0,1,36,39
2026-05-01 11:45:00,4,11,45,36,38.28,7.15,25.16,1.52,3,0.16,0.0,0,1,39,39
2026-05-01 12:00:00,4,12,0,39,18.86,7.98,22.54,0.84,3,0.28,0.0,0,0,39,38
2026-05-01 12:15:00,4,12,15,39,21.38,8.98,20.04,1.07,3,0.43,0.0,0,0,39,39
2026-05-01 12:30:00,4,12,30,39,14.41,7.86,22.89,0.63,3,0.27,0.0,0,0,38,37
2026-05-01 12:45:00,4,12,45,38,20.25,8.83,20.39,0.99,3,0.4,0.0,0,0,39,35
2026-05-01 13:00:00,4,13,0,39,12.37,9.98,18.03,0.69,3,0.25,2.25,0,0,37,33
2026-05-01 13:15:00,4,13,15,37,12.21,7.81,23.04,0.53,3,0.26,0.0,0,0,35,30
2026-05-01 13:30:00,4,13,30,35,9.84,11.37,15.82,0.62,3,0.77,0.0,0,0,33,33
2026-05-01 13:45:00,4,13,45,33,11.82,6.29,28.62,0.41,3,0.04,0.0,0,0,30,33
2026-05-01 14:00:00,4,14,0,30,19.97,9.37,12.81,1.56,2,0.48,0.0,1,0,33,36
2026-05-01 14:15:00,4,14,15,33,22.91,8.06,22.34,1.03,3,0.29,0.0,0,0,33,37
2026-05-01 14:30:00,4,14,30,33,18.38,9.13,13.14,1.4,2,0.45,0.0,1,0,36,37
2026-05-01 14:45:00,4,14,45,36,21.07,7.92,22.73,0.93,3,0.27,0.0,0,0,37,39
2026-05-01 15:00:00,4,15,0,37,22.74,7.83,22.99,0.99,3,0.26,0.0,0,0,37,37
2026-05-01 15:15:00,4,15,15,37,22.55,10.65,11.26,2.0,2,0.66,0.0,1,0,39,37
2026-05-01 15:30:00,4,15,30,39,18.83,7.81,23.05,0.82,3,0.26,0.0,0,0,37,35
2026-05-01 15:45:00,4,15,45,37,24.6,10.38,17.34,1.42,3,0.63,0.0,0,0,37,36
2026-05-01 16:00:00,4,16,0,37,16.85,6.61,27.22,0.62,3,0.09,0.0,0,0,35,35
2026-05-01 16:15:00,4,16,15,35,14.85,9.06,19.87,0.75,3,0.44,0.0,0,0,36,34
2026-05-01 16:30:00,4,16,30,36,19.02,9.55,18.84,1.01,3,0.51,0.0,0,0,35,35
2026-05-01 16:45:00,4,16,45,35,19.8,7.46,24.12,0.82,3,0.21,0.0,0,0,34,33
2026-05-01 17:00:00,4,17,0,34,15.12,10.88,16.54,0.91,3,0.7,0.0,0,0,35,33
2026-05-01 17:15:00,4,17,15,35,11.86,11.06,16.28,0.73,3,0.72,0.0,0,0,33,30
2026-05-01 17:30:00,4,17,30,33,12.14,10.02,11.98,1.01,2,0.57,0.0,1,0,33,17
2026-05-01 17:45:00,4,17,45,33,15.18,6.61,27.23,0.56,3,0.09,0.0,0,0,30,21
2026-05-04 09:00:00,0,9,0,12,37.8,10.25,17.56,2.15,3,0.22,2.69,0,0,17,26
2026-05-04 09:15:00,0,9,15,17,32.31,9.7,12.37,2.61,2,0.53,0.0,1,0,21,33
2026-05-04 09:30:00,0,9,30,21,36.43,7.41,16.2,2.25,2,0.2,0.0,1,0,26,38
2026-05-04 09:45:00,0,9,45,26,38.47,12.24,14.71,2.62,3,0.34,3.84,0,0,33,45
2026-05-04 10:00:00,0,10,0,33,35.08,9.3,19.36,1.81,3,0.47,0.0,0,0,38,53
2026-05-04 10:15:00,0,10,15,38,38.13,8.7,20.69,1.84,3,0.39,0.0,0,0,45,57
2026-05-04 10:30:00,0,10,30,45,51.39,11.78,15.29,3.36,3,0.83,0.0,0,1,53,57
2026-05-04 10:45:00,0,10,45,53,37.6,7.58,23.76,1.58,3,0.23,0.0,0,0,57,59
2026-05-04 11:00:00,0,11,0,57,21.1,8.21,21.93,0.96,3,0.32,0.0,0,0,57,58
2026-05-04 11:15:00,0,11,15,57,29.5,8.35,21.56,1.37,3,0.34,0.0,0,0,59,61
2026-05-04 11:30:00,0,11,30,59,27.07,7.2,25.01,1.08,3,0.17,0.0,0,0,58,64
2026-05-04 11:45:00,0,11,45,58,27.6,8.95,20.12,1.37,3,0.42,0.0,0,0,61,63
2026-05-04 12:00:00,0,12,0,61,28.86,7.99,22.52,1.28,3,0.28,0.0,0,0,64,62
2026-05-04 12:15:00,0,12,15,64,25.58,7.9,22.78,1.12,3,0.27,0.0,0,0,63,67
2026-05-04 12:30:00,0,12,30,63,22.46,6.56,27.43,0.82,3,0.08,0.0,0,0,62,69
2026-05-04 12:45:00,0,12,45,62,24.45,7.77,15.44,1.58,2,0.25,0.0,1,0,67,68
2026-05-04 13:00:00,0,13,0,67,24.7,8.62,20.89,1.18,3,0.37,0.0,0,0,69,67
2026-05-04 13:15:00,0,13,15,69,17.46,9.53,18.9,0.92,3,0.5,0.0,0,0,68,66
2026-05-04 13:30:00,0,13,30,68,19.13,7.76,23.19,0.83,3,0.25,0.0,0,0,67,69
2026-05-04 13:45:00,0,13,45,67,23.11,7.73,23.28,0.99,3,0.25,0.0,0,0,66,68
2026-05-04 14:00:00,0,14,0,66,25.7,9.61,18.74,1.37,3,0.52,0.0,0,0,69,66
2026-05-04 14:15:00,0,14,15,69,22.12,8.05,22.36,0.99,3,0.29,0.0,0,0,68,68
2026-05-04 14:30:00,0,14,30,68,22.64,6.94,25.93,0.87,3,0.13,0.0,0,0,66,70
2026-05-04 14:45:00,0,14,45,66,26.57,9.21,19.55,1.36,3,0.46,0.0,0,0,68,73
2026-05-04 15:00:00,0,15,0,68,26.67,10.68,16.86,1.58,3,0.67,0.0,0,0,70,75
2026-05-04 15:15:00,0,15,15,70,24.66,13.42,8.94,2.76,2,0.38,4.77,1,0,73,78
2026-05-04 15:30:00,0,15,30,73,26.59,10.99,16.37,1.62,3,0.71,0.0,0,0,75,81
2026-05-04 15:45:00,0,15,45,75,21.55,10.02,17.97,1.2,3,0.57,0.0,0,0,78,81
2026-05-04 16:00:00,0,16,0,78,19.79,9.49,12.65,1.56,2,0.5,0.0,1,0,81,84
2026-05-04 16:15:00,0,16,15,81,25.2,6.93,25.96,0.97,3,0.13,0.0,0,0,81,85
2026-05-04 16:30:00,0,16,30,81,23.12,12.49,14.41,1.6,3,0.48,3.15,0,0,84,88
2026-05-04 16:45:00,0,16,45,84,21.59,7.41,24.28,0.89,3,0.2,0.0,0,0,85,88
2026-05-04 17:00:00,0,17,0,85,20.69,10.32,11.63,1.78,2,0.62,0.0,1,0,88,90
2026-05-04 17:15:00,0,17,15,88,22.41,9.06,19.87,1.13,3,0.44,0.0,0,0,88,91
2026-05-04 17:30:00,0,17,30,88,20.07,11.19,16.08,1.25,3,0.37,2.61,0,0,90,14
2026-05-04 17:45:00,0,17,45,90,25.29,8.83,20.38,1.24,3,0.4,0.0,0,0,91,18
2026-05-05 09:00:00,1,9,0,14,29.75,6.3,28.58,1.04,3,0.04,0.0,0,0,14,23
2026-05-05 09:15:00,1,9,15,14,48.19,6.9,26.1,1.85,3,0.13,0.0,0,1,18,26
2026-05-05 09:30:00,1,9,30,18,40.86,9.07,19.85,2.06,3,0.44,0.0,0,1,23,26
2026-05-05 09:45:00,1,9,45,23,24.96,9.89,18.2,1.37,3,0.56,0.0,0,0,26,29
2026-05-05 10:00:00,1,10,0,26,31.26,6.76,26.63,1.17,3,0.11,0.0,0,0,26,35
2026-05-05 10:15:00,1,10,15,26,31.63,10.74,16.76,1.89,3,0.68,0.0,0,0,29,41
2026-05-05 10:30:00,1,10,30,29,38.23,8.01,14.97,2.55,2,0.29,0.0,1,1,35,40
2026-05-05 10:45:00,1,10,45,35,51.68,7.14,25.23,2.05,3,0.16,0.0,0,1,41,38
2026-05-05 11:00:00,1,11,0,41,19.54,8.48,21.24,0.92,3,0.35,0.0,0,0,40,39
2026-05-05 11:15:00,1,11,15,40,18.92,7.01,25.69,0.74,3,0.14,0.0,0,0,38,39
2026-05-05 11:30:00,1,11,30,38,19.25,11.59,15.54,1.24,3,0.8,0.0,0,0,39,38
2026-05-05 11:45:00,1,11,45,39,20.05,10.61,16.96,1.18,3,0.66,0.0,0,0,39,36
2026-05-05 12:00:00,1,12,0,39,13.05,6.89,17.42,0.75,2,0.13,0.0,1,0,38,37
2026-05-05 12:15:00,1,12,15,38,14.79,10.71,16.8,0.88,3,0.67,0.0,0,0,36,37
2026-05-05 12:30:00,1,12,30,36,14.75,10.44,11.5,1.28,2,0.63,0.0,1,0,37,31
2026-05-05 12:45:00,1,12,45,37,18.01,9.66,18.62,0.97,3,0.52,0.0,0,0,37,32
2026-05-05 13:00:00,1,13,0,37,4.33,9.23,19.51,0.22,3,0.46,0.0,0,0,31,32
2026-05-05 13:15:00,1,13,15,31,25.79,9.08,19.83,1.3,3,0.44,0.0,0,1,32,33
2026-05-05 13:30:00,1,13,30,32,13.78,11.69,15.39,0.9,3,0.81,0.0,0,0,32,29
2026-05-05 13:45:00,1,13,45,32,23.18,11.4,15.8,1.47,3,0.77,0.0,0,1,33,29
2026-05-05 14:00:00,1,14,0,33,13.88,6.22,28.95,0.48,3,0.03,0.0,0,0,29,31
2026-05-05 14:15:00,1,14,15,29,23.61,11.49,15.67,1.51,3,0.78,0.0,0,0,29,30
2026-05-05 14:30:00,1,14,30,29,21.01,12.36,9.71,2.16,2,0.23,4.78,1,0,31,29
2026-05-05 14:45:00,1,14,45,31,18.06,7.72,23.32,0.77,3,0.25,0.0,0,0,30,28
2026-05-05 15:00:00,1,15,0,30,18.81,8.75,20.58,0.91,3,0.39,0.0,0,0,29,27
2026-05-05 15:15:00,1,15,15,29,18.57,8.37,21.5,0.86,3,0.34,0.0,0,0,28,28
2026-05-05 15:30:00,1,15,30,28,22.65,7.39,24.37,0.93,3,0.2,0.0,0,0,27,22
2026-05-05 15:45:00,1,15,45,27,18.43,10.52,17.11,1.08,3,0.65,0.0,0,0,28,22
2026-05-05 16:00:00,1,16,0,28,11.41,6.48,27.76,0.41,3,0.07,0.0,0,0,22,21
2026-05-05 16:15:00,1,16,15,22,16.19,6.52,18.41,0.88,2,0.07,0.0,1,0,22,19
2026-05-05 16:30:00,1,16,30,22,19.64,7.99,22.54,0.87,3,0.28,0.0,0,0,21,18
2026-05-05 16:45:00,1,16,45,21,12.71,8.33,21.62,0.59,3,0.33,0.0,0,0,19,15
2026-05-05 17:00:00,1,17,0,19,11.46,11.53,15.61,0.73,3,0.79,0.0,0,0,18,13
2026-05-05 17:15:00,1,17,15,18,14.58,7.07,25.45,0.57,3,0.15,0.0,0,0,15,12
2026-05-05 17:30:00,1,17,30,15,14.46,8.43,21.35,0.68,3,0.35,0.0,0,0,13,17
2026-05-05 17:45:00,1,17,45,13,14.0,8.8,20.46,0.68,3,0.4,0.0,0,0,12,22
2026-05-06 09:00:00,2,9,0,13,31.95,9.38,19.18,1.67,3,0.48,0.0,0,0,17,27
2026-05-06 09:15:00,2,9,15,17,31.27,9.29,19.38,1.61,3,0.47,0.0,0,0,22,30
2026-05-06 09:30:00,2,9,30,22,30.57,11.92,15.1,2.03,3,0.85,0.0,0,0,27,32
2026-05-06 09:45:00,2,9,45,27,34.22,11.18,16.1,2.13,3,0.74,0.0,0,0,30,31
2026-05-06 10:00:00,2,10,0,30,30.77,7.58,23.76,1.3,3,0.23,0.0,0,0,32,32
2026-05-06 10:15:00,2,10,15,32,28.72,6.54,27.51,1.04,3,0.08,0.0,0,0,31,33
2026-05-06 10:30:00,2,10,30,31,36.43,6.76,26.64,1.37,3,0.11,0.0,0,0,32,32
2026-05-06 10:45:00,2,10,45,32,33.79,6.65,27.05,1.25,3,0.09,0.0,0,0,33,32
2026-05-06 11:00:00,2,11,0,33,19.25,7.5,23.99,0.8,3,0.21,0.0,0,0,32,30
2026-05-06 11:15:00,2,11,15,32,18.62,7.96,22.62,0.82,3,0.28,0.0,0,0,32,31
2026-05-06 11:30:00,2,11,30,32,17.96,6.75,26.67,0.67,3,0.11,0.0,0,0,30,28
2026-05-06 11:45:00,2,11,45,30,23.6,6.9,26.09,0.9,3,0.13,0.0,0,0,31,32
2026-05-06 12:00:00,2,12,0,31,10.88,10.99,16.38,0.66,3,0.71,0.0,0,0,28,30
2026-05-06 12:15:00,2,12,15,28,24.8,8.8,13.63,1.82,2,0.4,0.0,1,0,32,30
2026-05-06 12:30:00,2,12,30,32,19.47,6.84,26.3,0.74,3,0.12,0.0,0,0,30,27
2026-05-06 12:45:00,2,12,45,30,16.41,10.28,17.51,0.94,3,0.61,0.0,0,0,30,28
2026-05-06 13:00:00,2,13,0,30,12.72,7.39,24.36,0.52,3,0.2,0.0,0,0,27,26
2026-05-06 13:15:00,2,13,15,27,15.86,8.8,13.64,1.16,2,0.4,0.0,1,0,28,24
2026-05-06 13:30:00,2,13,30,28,17.16,6.95,25.89,0.66,3,0.14,0.0,0,0,26,23
2026-05-06 13:45:00,2,13,45,26,11.46,9.51,18.93,0.61,3,0.5,0.0,0,0,24,24
2026-05-06 14:00:00,2,14,0,24,20.03,6.64,27.1,0.74,3,0.09,0.0,0,0,23,23
2026-05-06 14:15:00,2,14,15,23,16.53,12.3,14.64,1.13,3,0.28,4.34,0,0,24,26
2026-05-06 14:30:00,2,14,30,24,15.83,7.06,25.5,0.62,3,0.15,0.0,0,0,23,27
2026-05-06 14:45:00,2,14,45,23,33.19,7.58,23.75,1.4,3,0.23,0.0,0,1,26,25
2026-05-06 15:00:00,2,15,0,26,18.29,7.02,17.1,1.07,2,0.15,0.0,1,0,27,25
2026-05-06 15:15:00,2,15,15,27,14.73,7.98,22.56,0.65,3,0.28,0.0,0,0,25,25
2026-05-06 15:30:00,2,15,30,25,18.79,7.96,22.62,0.83,3,0.28,0.0,0,0,25,24
2026-05-06 15:45:00,2,15,45,25,21.99,9.78,18.41,1.19,3,0.54,0.0,0,0,25,21
2026-05-06 16:00:00,2,16,0,25,11.99,10.91,16.5,0.73,3,0.7,0.0,0,0,24,19
2026-05-06 16:15:00,2,16,15,24,17.88,7.06,25.49,0.7,3,0.15,0.0,0,0,21,21
2026-05-06 16:30:00,2,16,30,21,12.2,8.01,22.47,0.54,3,0.29,0.0,0,0,19,18
2026-05-06 16:45:00,2,16,45,19,26.6,9.24,19.49,1.36,3,0.46,0.0,0,1,21,16
2026-05-06 17:00:00,2,17,0,21,15.83,7.87,22.88,0.69,3,0.27,0.0,0,0,18,16
2026-05-06 17:15:00,2,17,15,18,12.61,7.94,22.66,0.56,3,0.28,0.0,0,0,16,16
